PAIS;ESTADO;FEMINICIDIOS;FUENTE;TIPO DE FUENTE;day;month;year;PERIODO;ÚLTIMA ACTUALIZACIÓN
BRASIL;Acre;14;Conselho Nacional de Justiça;AGENTE ESTATAL;30;12;2019;2019;30/12/2019
BRASIL;Alagoas;7;Conselho Nacional de Justiça;AGENTE ESTATAL;30;12;2019;2019;30/12/2019
BRASIL;Amapá;19;Conselho Nacional de Justiça;AGENTE ESTATAL;30;12;2019;2019;30/12/2019
BRASIL;Amazonas;17;Conselho Nacional de Justiça;AGENTE ESTATAL;30;12;2019;2019;30/12/2019
BRASIL;Bahía;47;Conselho Nacional de Justiça;AGENTE ESTATAL;30;12;2019;2019;30/12/2019
BRASIL;Ceará;84;Conselho Nacional de Justiça;AGENTE ESTATAL;30;12;2019;2019;30/12/2019
BRASIL;Distrito Federal;77;Conselho Nacional de Justiça;AGENTE ESTATAL;30;12;2019;2019;30/12/2019
BRASIL;Espíritu Santo;36;Conselho Nacional de Justiça;AGENTE ESTATAL;30;12;2019;2019;30/12/2019
BRASIL;Goiás;67;Conselho Nacional de Justiça;AGENTE ESTATAL;30;12;2019;2019;30/12/2019
BRASIL;Maranhão;25;Conselho Nacional de Justiça;AGENTE ESTATAL;30;12;2019;2019;30/12/2019
BRASIL;Mato Grosso;110;Conselho Nacional de Justiça;AGENTE ESTATAL;30;12;2019;2019;30/12/2019
BRASIL;Mato Grosso do Sul;96;Conselho Nacional de Justiça;AGENTE ESTATAL;30;12;2019;2019;30/12/2019
BRASIL;Minas Gerais;91;Conselho Nacional de Justiça;AGENTE ESTATAL;30;12;2019;2019;30/12/2019
BRASIL;Pará;27;Conselho Nacional de Justiça;AGENTE ESTATAL;30;12;2019;2019;30/12/2019
BRASIL;Paraíba;33;Conselho Nacional de Justiça;AGENTE ESTATAL;30;12;2019;2019;30/12/2019
BRASIL;Paraná;216;Conselho Nacional de Justiça;AGENTE ESTATAL;30;12;2019;2019;30/12/2019
BRASIL;Pernambuco;71;Conselho Nacional de Justiça;AGENTE ESTATAL;30;12;2019;2019;30/12/2019
BRASIL;Piauí;43;Conselho Nacional de Justiça;AGENTE ESTATAL;30;12;2019;2019;30/12/2019
BRASIL;Río de Janeiro;185;Conselho Nacional de Justiça;AGENTE ESTATAL;30;12;2019;2019;30/12/2019
BRASIL;Río Grande do Norte;18;Conselho Nacional de Justiça;AGENTE ESTATAL;30;12;2019;2019;30/12/2019
BRASIL;Río Grande do Sul;301;Conselho Nacional de Justiça;AGENTE ESTATAL;30;12;2019;2019;30/12/2019
BRASIL;Rondônia;37;Conselho Nacional de Justiça;AGENTE ESTATAL;30;12;2019;2019;30/12/2019
BRASIL;Roraima;7;Conselho Nacional de Justiça;AGENTE ESTATAL;30;12;2019;2019;30/12/2019
BRASIL;Santa Catarina;23;Conselho Nacional de Justiça;AGENTE ESTATAL;30;12;2019;2019;30/12/2019
BRASIL;São Paulo;348;Conselho Nacional de Justiça;AGENTE ESTATAL;30;12;2019;2019;30/12/2019
BRASIL;Sergipe;19;Conselho Nacional de Justiça;AGENTE ESTATAL;30;12;2019;2019;30/12/2019
BRASIL;Tocantins;30;Conselho Nacional de Justiça;AGENTE ESTATAL;30;12;2019;2019;30/12/2019
ARGENTINA;Ciudad de Buenos Aires;5;Corte Suprema de Justicia de la Nación;AGENTE ESTATAL;31;12;2019;2019;31/12/2019
ARGENTINA;Catamarca;6;Corte Suprema de Justicia de la Nación;AGENTE ESTATAL;31;12;2019;2019;31/12/2019
ARGENTINA;Chaco;11;Corte Suprema de Justicia de la Nación;AGENTE ESTATAL;31;12;2019;2019;31/12/2019
ARGENTINA;Chubut;5;Corte Suprema de Justicia de la Nación;AGENTE ESTATAL;31;12;2019;2019;31/12/2019
ARGENTINA;Córdoba;19;Corte Suprema de Justicia de la Nación;AGENTE ESTATAL;31;12;2019;2019;31/12/2019
ARGENTINA;Corrientes;6;Corte Suprema de Justicia de la Nación;AGENTE ESTATAL;31;12;2019;2019;31/12/2019
ARGENTINA;Entre Ríos;8;Corte Suprema de Justicia de la Nación;AGENTE ESTATAL;31;12;2019;2019;31/12/2019
ARGENTINA;Formosa;5;Corte Suprema de Justicia de la Nación;AGENTE ESTATAL;31;12;2019;2019;31/12/2019
ARGENTINA;Jujuy;3;Corte Suprema de Justicia de la Nación;AGENTE ESTATAL;31;12;2019;2019;31/12/2019
ARGENTINA;La Pampa;2;Corte Suprema de Justicia de la Nación;AGENTE ESTATAL;31;12;2019;2019;31/12/2019
ARGENTINA;La Rioja;2;Corte Suprema de Justicia de la Nación;AGENTE ESTATAL;31;12;2019;2019;31/12/2019
ARGENTINA;Mendoza;7;Corte Suprema de Justicia de la Nación;AGENTE ESTATAL;31;12;2019;2019;31/12/2019
ARGENTINA;Misiones;8;Corte Suprema de Justicia de la Nación;AGENTE ESTATAL;31;12;2019;2019;31/12/2019
ARGENTINA;Neuquén;2;Corte Suprema de Justicia de la Nación;AGENTE ESTATAL;31;12;2019;2019;31/12/2019
ARGENTINA;Provincia de Buenos Aires;102;Corte Suprema de Justicia de la Nación;AGENTE ESTATAL;31;12;2019;2019;31/12/2019
ARGENTINA;Río Negro;4;Corte Suprema de Justicia de la Nación;AGENTE ESTATAL;31;12;2019;2019;31/12/2019
ARGENTINA;Salta;11;Corte Suprema de Justicia de la Nación;AGENTE ESTATAL;31;12;2019;2019;31/12/2019
ARGENTINA;San Juan;5;Corte Suprema de Justicia de la Nación;AGENTE ESTATAL;31;12;2019;2019;31/12/2019
ARGENTINA;San Luis;2;Corte Suprema de Justicia de la Nación;AGENTE ESTATAL;31;12;2019;2019;31/12/2019
ARGENTINA;Santa Cruz;;Corte Suprema de Justicia de la Nación;AGENTE ESTATAL;31;12;2019;2019;31/12/2019
ARGENTINA;Santa Fe;21;Corte Suprema de Justicia de la Nación;AGENTE ESTATAL;31;12;2019;2019;31/12/2019
ARGENTINA;Santiago del Estero;6;Corte Suprema de Justicia de la Nación;AGENTE ESTATAL;31;12;2019;2019;31/12/2019
ARGENTINA;Tierra del Fuego;1;Corte Suprema de Justicia de la Nación;AGENTE ESTATAL;31;12;2019;2019;31/12/2019
ARGENTINA;Tucumán;11;Corte Suprema de Justicia de la Nación;AGENTE ESTATAL;31;12;2019;2019;31/12/2019
COLOMBIA;Total país;1044;Fiscalía General de la Nación;AGENTE ESTATAL;13;10;2021;2019;13/10/2021
BOLIVIA;Beni;4;Fiscalía General del Estado;AGENTE ESTATAL;31;12;2019;2019;31/12/2019
BOLIVIA;Chuquisaca;2;Fiscalía General del Estado;AGENTE ESTATAL;31;12;2019;2019;31/12/2019
BOLIVIA;Cochabamba;25;Fiscalía General del Estado;AGENTE ESTATAL;31;12;2019;2019;31/12/2019
BOLIVIA;La Paz;36;Fiscalía General del Estado;AGENTE ESTATAL;31;12;2019;2019;31/12/2019
BOLIVIA;Oruro;10;Fiscalía General del Estado;AGENTE ESTATAL;31;12;2019;2019;31/12/2019
BOLIVIA;Pando;2;Fiscalía General del Estado;AGENTE ESTATAL;31;12;2019;2019;31/12/2019
BOLIVIA;Potosí;10;Fiscalía General del Estado;AGENTE ESTATAL;31;12;2019;2019;31/12/2019
BOLIVIA;Santa Cruz;21;Fiscalía General del Estado;AGENTE ESTATAL;31;12;2019;2019;31/12/2019
BOLIVIA;Tarija;7;Fiscalía General del Estado;AGENTE ESTATAL;31;12;2019;2019;31/12/2019
CHILE;Antofagasta;3;Ministerio de la Mujer y la Equidad de Género;AGENTE ESTATAL;31;12;2019;2019;31/12/2019
CHILE;Araucanía;;Ministerio de la Mujer y la Equidad de Género;AGENTE ESTATAL;13;10;2021;2019;13/10/2021
CHILE;Arica y Parinacota;2;Ministerio de la Mujer y la Equidad de Género;AGENTE ESTATAL;13;10;2021;2019;13/10/2021
CHILE;Atacama;;Ministerio de la Mujer y la Equidad de Género;AGENTE ESTATAL;13;10;2021;2019;13/10/2021
CHILE;Aysén;;Ministerio de la Mujer y la Equidad de Género;AGENTE ESTATAL;13;10;2021;2019;13/10/2021
CHILE;Bio Bio;2;Ministerio de la Mujer y la Equidad de Género;AGENTE ESTATAL;13;10;2021;2019;13/10/2021
CHILE;Coquimbo;;Ministerio de la Mujer y la Equidad de Género;AGENTE ESTATAL;13;10;2021;2019;13/10/2021
CHILE;Libertador General Bernardo O'Higgins;4;Ministerio de la Mujer y la Equidad de Género;AGENTE ESTATAL;13;10;2021;2019;13/10/2021
CHILE;Los Lagos;8;Ministerio de la Mujer y la Equidad de Género;AGENTE ESTATAL;13;10;2021;2019;13/10/2021
CHILE;Los Ríos;2;Ministerio de la Mujer y la Equidad de Género;AGENTE ESTATAL;13;10;2021;2019;13/10/2021
CHILE;Magallanes;1;Ministerio de la Mujer y la Equidad de Género;AGENTE ESTATAL;13;10;2021;2019;13/10/2021
CHILE;Maule;1;Ministerio de la Mujer y la Equidad de Género;AGENTE ESTATAL;13;10;2021;2019;13/10/2021
CHILE;Metropolitana de Santiago;14;Ministerio de la Mujer y la Equidad de Género;AGENTE ESTATAL;13;10;2021;2019;13/10/2021
CHILE;Ñuble;2;Ministerio de la Mujer y la Equidad de Género;AGENTE ESTATAL;13;10;2021;2019;13/10/2021
CHILE;Tarapacá;1;Ministerio de la Mujer y la Equidad de Género;AGENTE ESTATAL;13;10;2021;2019;13/10/2021
CHILE;Valparaíso;6;Ministerio de la Mujer y la Equidad de Género;AGENTE ESTATAL;13;10;2021;2019;13/10/2021
URUGUAY;Artigas;4;Ministerio del Interior;AGENTE ESTATAL;13;10;2021;2019;13/10/2021
URUGUAY;Cerro Largo;1;Ministerio del Interior;AGENTE ESTATAL;13;10;2021;2019;13/10/2021
URUGUAY;Florida;3;Ministerio del Interior;AGENTE ESTATAL;13;10;2021;2019;13/10/2021
URUGUAY;Montevideo;10;Ministerio del Interior;AGENTE ESTATAL;13;10;2021;2019;13/10/2021
URUGUAY;Paysandú;1;Ministerio del Interior;AGENTE ESTATAL;13;10;2021;2019;13/10/2021
URUGUAY;Rivera;1;Ministerio del Interior;AGENTE ESTATAL;13;10;2021;2019;13/10/2021
URUGUAY;Rocha;1;Ministerio del Interior;AGENTE ESTATAL;13;10;2021;2019;13/10/2021
URUGUAY;San José;3;Ministerio del Interior;AGENTE ESTATAL;13;10;2021;2019;13/10/2021
URUGUAY;Tacuarembó;1;Ministerio del Interior;AGENTE ESTATAL;13;10;2021;2019;13/10/2021
PANAMÁ;Bocas del Toro;;Ministerio Público (Procuraduría General de la Nación);AGENTE ESTATAL;13;10;2021;2019;13/10/2021
PANAMÁ;Chiriquí;2;Ministerio Público (Procuraduría General de la Nación);AGENTE ESTATAL;13;10;2021;2019;13/10/2021
PANAMÁ;Coclé;1;Ministerio Público (Procuraduría General de la Nación);AGENTE ESTATAL;13;10;2021;2019;13/10/2021
PANAMÁ;Colón;2;Ministerio Público (Procuraduría General de la Nación);AGENTE ESTATAL;13;10;2021;2019;13/10/2021
PANAMÁ;Comarca autónoma Emberá;;Ministerio Público (Procuraduría General de la Nación);AGENTE ESTATAL;13;10;2021;2019;13/10/2021
PANAMÁ;Comarca autónoma Kuna Yala;;Ministerio Público (Procuraduría General de la Nación);AGENTE ESTATAL;13;10;2021;2019;13/10/2021
PANAMÁ;Comarca autónoma Ngäbe-Buglé;;Ministerio Público (Procuraduría General de la Nación);AGENTE ESTATAL;13;10;2021;2019;13/10/2021
PANAMÁ;Darién;;Ministerio Público (Procuraduría General de la Nación);AGENTE ESTATAL;13;10;2021;2019;13/10/2021
PANAMÁ;Herrera;;Ministerio Público (Procuraduría General de la Nación);AGENTE ESTATAL;13;10;2021;2019;13/10/2021
PANAMÁ;Los Santos;;Ministerio Público (Procuraduría General de la Nación);AGENTE ESTATAL;13;10;2021;2019;13/10/2021
PANAMÁ;Panamá;9;Ministerio Público (Procuraduría General de la Nación);AGENTE ESTATAL;13;10;2021;2019;13/10/2021
PANAMÁ;Panamá Oeste;6;Ministerio Público (Procuraduría General de la Nación);AGENTE ESTATAL;13;10;2021;2019;13/10/2021
PANAMÁ;Veraguas;1;Ministerio Público (Procuraduría General de la Nación);AGENTE ESTATAL;13;10;2021;2019;13/10/2021
PERÚ;Amazonas;2;Ministerio Público del Perú (Registro de Feminicidios);AGENTE ESTATAL;13;10;2021;2019;13/10/2021
PERÚ;Ancash;2;Ministerio Público del Perú (Registro de Feminicidios);AGENTE ESTATAL;13;10;2021;2019;13/10/2021
PERÚ;Apurímac;4;Ministerio Público del Perú (Registro de Feminicidios);AGENTE ESTATAL;13;10;2021;2019;13/10/2021
PERÚ;Arequipa;7;Ministerio Público del Perú (Registro de Feminicidios);AGENTE ESTATAL;13;10;2021;2019;13/10/2021
PERÚ;Ayacucho;2;Ministerio Público del Perú (Registro de Feminicidios);AGENTE ESTATAL;13;10;2021;2019;13/10/2021
PERÚ;Cajamarca;6;Ministerio Público del Perú (Registro de Feminicidios);AGENTE ESTATAL;13;10;2021;2019;13/10/2021
PERÚ;Cusco;9;Ministerio Público del Perú (Registro de Feminicidios);AGENTE ESTATAL;13;10;2021;2019;13/10/2021
PERÚ;Huancavelica;4;Ministerio Público del Perú (Registro de Feminicidios);AGENTE ESTATAL;13;10;2021;2019;13/10/2021
PERÚ;Huánuco;8;Ministerio Público del Perú (Registro de Feminicidios);AGENTE ESTATAL;13;10;2021;2019;13/10/2021
PERÚ;Ica;5;Ministerio Público del Perú (Registro de Feminicidios);AGENTE ESTATAL;13;10;2021;2019;13/10/2021
PERÚ;Junín;8;Ministerio Público del Perú (Registro de Feminicidios);AGENTE ESTATAL;13;10;2021;2019;13/10/2021
PERÚ;La Libertad;14;Ministerio Público del Perú (Registro de Feminicidios);AGENTE ESTATAL;13;10;2021;2019;13/10/2021
PERÚ;Lambayeque;3;Ministerio Público del Perú (Registro de Feminicidios);AGENTE ESTATAL;13;10;2021;2019;13/10/2021
PERÚ;Lima;53;Ministerio Público del Perú (Registro de Feminicidios);AGENTE ESTATAL;13;10;2021;2019;13/10/2021
PERÚ;Loreto;5;Ministerio Público del Perú (Registro de Feminicidios);AGENTE ESTATAL;13;10;2021;2019;13/10/2021
PERÚ;Madre de Dios;;Ministerio Público del Perú (Registro de Feminicidios);AGENTE ESTATAL;13;10;2021;2019;13/10/2021
PERÚ;Moquegua;2;Ministerio Público del Perú (Registro de Feminicidios);AGENTE ESTATAL;13;10;2021;2019;13/10/2021
PERÚ;Pasco;1;Ministerio Público del Perú (Registro de Feminicidios);AGENTE ESTATAL;13;10;2021;2019;13/10/2021
PERÚ;Piura;5;Ministerio Público del Perú (Registro de Feminicidios);AGENTE ESTATAL;13;10;2021;2019;13/10/2021
PERÚ;Puno;15;Ministerio Público del Perú (Registro de Feminicidios);AGENTE ESTATAL;13;10;2021;2019;13/10/2021
PERÚ;San Martín;5;Ministerio Público del Perú (Registro de Feminicidios);AGENTE ESTATAL;13;10;2021;2019;13/10/2021
PERÚ;Tacna;3;Ministerio Público del Perú (Registro de Feminicidios);AGENTE ESTATAL;13;10;2021;2019;13/10/2021
PERÚ;Tumbes;1;Ministerio Público del Perú (Registro de Feminicidios);AGENTE ESTATAL;13;10;2021;2019;13/10/2021
PERÚ;Ucayali;2;Ministerio Público del Perú (Registro de Feminicidios);AGENTE ESTATAL;13;10;2021;2019;13/10/2021
EL SALVADOR;Total país;113;Observatorio de Estadísticas de Género;AGENTE ESTATAL;31;12;2019;2019;31/12/2019
COSTA RICA;Total país;16;Observatorio de Género (Poder Judicial);AGENTE ESTATAL;13;10;2021;2019;13/10/2021
GUATEMALA;Nivel nacional;160;Observatorio de las Mujeres del Ministerio Público;AGENTE ESTATAL;31;12;2019;2019;31/12/2019
PARAGUAY;Alto Paraguay;1;Observatorio del Ministerio de la Mujer;AGENTE ESTATAL;13;10;2021;2019;13/10/2021
PARAGUAY;Alto Paraná;4;Observatorio del Ministerio de la Mujer;AGENTE ESTATAL;13;10;2021;2019;13/10/2021
PARAGUAY;Amambay;1;Observatorio del Ministerio de la Mujer;AGENTE ESTATAL;13;10;2021;2019;13/10/2021
PARAGUAY;Asunción;4;Observatorio del Ministerio de la Mujer;AGENTE ESTATAL;13;10;2021;2019;13/10/2021
PARAGUAY;Boquerón;;Observatorio del Ministerio de la Mujer;AGENTE ESTATAL;13;10;2021;2019;13/10/2021
PARAGUAY;Caaguazú;2;Observatorio del Ministerio de la Mujer;AGENTE ESTATAL;13;10;2021;2019;13/10/2021
PARAGUAY;Caazapá;1;Observatorio del Ministerio de la Mujer;AGENTE ESTATAL;13;10;2021;2019;13/10/2021
PARAGUAY;Canindeyú;3;Observatorio del Ministerio de la Mujer;AGENTE ESTATAL;13;10;2021;2019;13/10/2021
PARAGUAY;Central;9;Observatorio del Ministerio de la Mujer;AGENTE ESTATAL;13;10;2021;2019;13/10/2021
PARAGUAY;Concepción;2;Observatorio del Ministerio de la Mujer;AGENTE ESTATAL;13;10;2021;2019;13/10/2021
PARAGUAY;Cordillera;1;Observatorio del Ministerio de la Mujer;AGENTE ESTATAL;13;10;2021;2019;13/10/2021
PARAGUAY;Guairá;;Observatorio del Ministerio de la Mujer;AGENTE ESTATAL;13;10;2021;2019;13/10/2021
PARAGUAY;Itapúa;3;Observatorio del Ministerio de la Mujer;AGENTE ESTATAL;13;10;2021;2019;13/10/2021
PARAGUAY;Misiones;2;Observatorio del Ministerio de la Mujer;AGENTE ESTATAL;13;10;2021;2019;13/10/2021
PARAGUAY;Ñeembucú;1;Observatorio del Ministerio de la Mujer;AGENTE ESTATAL;13;10;2021;2019;13/10/2021
PARAGUAY;Paraguarí;;Observatorio del Ministerio de la Mujer;AGENTE ESTATAL;13;10;2021;2019;13/10/2021
PARAGUAY;Presidente Hayes;;Observatorio del Ministerio de la Mujer;AGENTE ESTATAL;13;10;2021;2019;13/10/2021
PARAGUAY;San Pedro;3;Observatorio del Ministerio de la Mujer;AGENTE ESTATAL;13;10;2021;2019;13/10/2021
REPUBLICA DOMINICANA;Azua;4;Procuraduría General de la República;AGENTE ESTATAL;13;10;2021;2019;13/10/2021
REPUBLICA DOMINICANA;Bahoruco;;Procuraduría General de la República;AGENTE ESTATAL;13;10;2021;2019;13/10/2021
REPUBLICA DOMINICANA;Barahona;1;Procuraduría General de la República;AGENTE ESTATAL;13;10;2021;2019;13/10/2021
REPUBLICA DOMINICANA;Dajabón;2;Procuraduría General de la República;AGENTE ESTATAL;13;10;2021;2019;13/10/2021
REPUBLICA DOMINICANA;Distrito Nacional;6;Procuraduría General de la República;AGENTE ESTATAL;13;10;2021;2019;13/10/2021
REPUBLICA DOMINICANA;Duarte;2;Procuraduría General de la República;AGENTE ESTATAL;13;10;2021;2019;13/10/2021
REPUBLICA DOMINICANA;El Seibo;2;Procuraduría General de la República;AGENTE ESTATAL;13;10;2021;2019;13/10/2021
REPUBLICA DOMINICANA;Elías Piña;;Procuraduría General de la República;AGENTE ESTATAL;13;10;2021;2019;13/10/2021
REPUBLICA DOMINICANA;Espaillat;;Procuraduría General de la República;AGENTE ESTATAL;13;10;2021;2019;13/10/2021
REPUBLICA DOMINICANA;Hato Mayor;2;Procuraduría General de la República;AGENTE ESTATAL;13;10;2021;2019;13/10/2021
REPUBLICA DOMINICANA;Hermanas Mirabal;;Procuraduría General de la República;AGENTE ESTATAL;13;10;2021;2019;13/10/2021
REPUBLICA DOMINICANA;Independencia;;Procuraduría General de la República;AGENTE ESTATAL;13;10;2021;2019;13/10/2021
REPUBLICA DOMINICANA;La Altagracia;4;Procuraduría General de la República;AGENTE ESTATAL;13;10;2021;2019;13/10/2021
REPUBLICA DOMINICANA;La Romana;3;Procuraduría General de la República;AGENTE ESTATAL;13;10;2021;2019;13/10/2021
REPUBLICA DOMINICANA;La Vega;6;Procuraduría General de la República;AGENTE ESTATAL;13;10;2021;2019;13/10/2021
REPUBLICA DOMINICANA;María Trinidad Sánchez;;Procuraduría General de la República;AGENTE ESTATAL;13;10;2021;2019;13/10/2021
REPUBLICA DOMINICANA;Monseñor Nouel;2;Procuraduría General de la República;AGENTE ESTATAL;13;10;2021;2019;13/10/2021
REPUBLICA DOMINICANA;Monte Cristi;2;Procuraduría General de la República;AGENTE ESTATAL;13;10;2021;2019;13/10/2021
REPUBLICA DOMINICANA;Monte Plata;3;Procuraduría General de la República;AGENTE ESTATAL;13;10;2021;2019;13/10/2021
REPUBLICA DOMINICANA;Pedernales;;Procuraduría General de la República;AGENTE ESTATAL;13;10;2021;2019;13/10/2021
REPUBLICA DOMINICANA;Peravia;1;Procuraduría General de la República;AGENTE ESTATAL;13;10;2021;2019;13/10/2021
REPUBLICA DOMINICANA;Puerto Plata;;Procuraduría General de la República;AGENTE ESTATAL;13;10;2021;2019;13/10/2021
REPUBLICA DOMINICANA;Samaná;1;Procuraduría General de la República;AGENTE ESTATAL;13;10;2021;2019;13/10/2021
REPUBLICA DOMINICANA;San Cristóbal;3;Procuraduría General de la República;AGENTE ESTATAL;13;10;2021;2019;13/10/2021
REPUBLICA DOMINICANA;San José de Ocoa;1;Procuraduría General de la República;AGENTE ESTATAL;13;10;2021;2019;13/10/2021
REPUBLICA DOMINICANA;San Juan;;Procuraduría General de la República;AGENTE ESTATAL;13;10;2021;2019;13/10/2021
REPUBLICA DOMINICANA;San Pedro de Macorís;3;Procuraduría General de la República;AGENTE ESTATAL;13;10;2021;2019;13/10/2021
REPUBLICA DOMINICANA;Sánchez Ramírez;2;Procuraduría General de la República;AGENTE ESTATAL;13;10;2021;2019;13/10/2021
REPUBLICA DOMINICANA;Santiago;;Procuraduría General de la República;AGENTE ESTATAL;13;10;2021;2019;13/10/2021
REPUBLICA DOMINICANA;Santiago Rodríguez;2;Procuraduría General de la República;AGENTE ESTATAL;13;10;2021;2019;13/10/2021
REPUBLICA DOMINICANA;Santo Domingo;30;Procuraduría General de la República;AGENTE ESTATAL;13;10;2021;2019;13/10/2021
REPUBLICA DOMINICANA;Valverde;3;Procuraduría General de la República;AGENTE ESTATAL;13;10;2021;2019;13/10/2021
ECUADOR;Azuay;1;Secretaría de Derechos Humanos;AGENTE ESTATAL;13;10;2021;2019;13/10/2021
ECUADOR;Carchi;2;Secretaría de Derechos Humanos;AGENTE ESTATAL;13;10;2021;2019;13/10/2021
ECUADOR;Cotopaxi;6;Secretaría de Derechos Humanos;AGENTE ESTATAL;13;10;2021;2019;13/10/2021
ECUADOR;El Oro;5;Secretaría de Derechos Humanos;AGENTE ESTATAL;13;10;2021;2019;13/10/2021
ECUADOR;Guayas;16;Secretaría de Derechos Humanos;AGENTE ESTATAL;13;10;2021;2019;13/10/2021
ECUADOR;Imbabura;1;Secretaría de Derechos Humanos;AGENTE ESTATAL;13;10;2021;2019;13/10/2021
ECUADOR;Loja;2;Secretaría de Derechos Humanos;AGENTE ESTATAL;13;10;2021;2019;13/10/2021
ECUADOR;Los Ríos;3;Secretaría de Derechos Humanos;AGENTE ESTATAL;13;10;2021;2019;13/10/2021
ECUADOR;Manabí;5;Secretaría de Derechos Humanos;AGENTE ESTATAL;13;10;2021;2019;13/10/2021
ECUADOR;Morona Santiago;2;Secretaría de Derechos Humanos;AGENTE ESTATAL;13;10;2021;2019;13/10/2021
ECUADOR;Orellana;1;Secretaría de Derechos Humanos;AGENTE ESTATAL;13;10;2021;2019;13/10/2021
ECUADOR;Pastaza;1;Secretaría de Derechos Humanos;AGENTE ESTATAL;13;10;2021;2019;13/10/2021
ECUADOR;Pichincha;11;Secretaría de Derechos Humanos;AGENTE ESTATAL;13;10;2021;2019;13/10/2021
ECUADOR;Santa Elena;1;Secretaría de Derechos Humanos;AGENTE ESTATAL;13;10;2021;2019;13/10/2021
ECUADOR;Santo Domingo de los Tsáchilas;1;Secretaría de Derechos Humanos;AGENTE ESTATAL;13;10;2021;2019;13/10/2021
ECUADOR;Sucumbios;2;Secretaría de Derechos Humanos;AGENTE ESTATAL;13;10;2021;2019;13/10/2021
ECUADOR;Tungurahua;2;Secretaría de Derechos Humanos;AGENTE ESTATAL;13;10;2021;2019;13/10/2021
MÉXICO;Aguascalientes;5;Secretariado Ejecutivo del Sistema Nacional de Seguridad Pública;AGENTE ESTATAL;13;10;2021;2019;13/10/2021
MÉXICO;Baja California;22;Secretariado Ejecutivo del Sistema Nacional de Seguridad Pública;AGENTE ESTATAL;13;10;2021;2019;13/10/2021
MÉXICO;Baja California Sur;2;Secretariado Ejecutivo del Sistema Nacional de Seguridad Pública;AGENTE ESTATAL;13;10;2021;2019;13/10/2021
MÉXICO;Campeche;6;Secretariado Ejecutivo del Sistema Nacional de Seguridad Pública;AGENTE ESTATAL;13;10;2021;2019;13/10/2021
MÉXICO;Chiapas;20;Secretariado Ejecutivo del Sistema Nacional de Seguridad Pública;AGENTE ESTATAL;13;10;2021;2019;13/10/2021
MÉXICO;Chihuahua;29;Secretariado Ejecutivo del Sistema Nacional de Seguridad Pública;AGENTE ESTATAL;13;10;2021;2019;13/10/2021
MÉXICO;Coahuila de Zaragoza;24;Secretariado Ejecutivo del Sistema Nacional de Seguridad Pública;AGENTE ESTATAL;13;10;2021;2019;13/10/2021
MÉXICO;Colima;11;Secretariado Ejecutivo del Sistema Nacional de Seguridad Pública;AGENTE ESTATAL;13;10;2021;2019;13/10/2021
MÉXICO;Distrito Federal;71;Secretariado Ejecutivo del Sistema Nacional de Seguridad Pública;AGENTE ESTATAL;13;10;2021;2019;13/10/2021
MÉXICO;Durango;10;Secretariado Ejecutivo del Sistema Nacional de Seguridad Pública;AGENTE ESTATAL;13;10;2021;2019;13/10/2021
MÉXICO;Guanajuato;18;Secretariado Ejecutivo del Sistema Nacional de Seguridad Pública;AGENTE ESTATAL;13;10;2021;2019;13/10/2021
MÉXICO;Guerrero;16;Secretariado Ejecutivo del Sistema Nacional de Seguridad Pública;AGENTE ESTATAL;13;10;2021;2019;13/10/2021
MÉXICO;Hidalgo;20;Secretariado Ejecutivo del Sistema Nacional de Seguridad Pública;AGENTE ESTATAL;13;10;2021;2019;13/10/2021
MÉXICO;Jalisco;58;Secretariado Ejecutivo del Sistema Nacional de Seguridad Pública;AGENTE ESTATAL;13;10;2021;2019;13/10/2021
MÉXICO;México;123;Secretariado Ejecutivo del Sistema Nacional de Seguridad Pública;AGENTE ESTATAL;13;10;2021;2019;13/10/2021
MÉXICO;Michoacán de Ocampo;12;Secretariado Ejecutivo del Sistema Nacional de Seguridad Pública;AGENTE ESTATAL;13;10;2021;2019;13/10/2021
MÉXICO;Morelos;39;Secretariado Ejecutivo del Sistema Nacional de Seguridad Pública;AGENTE ESTATAL;13;10;2021;2019;13/10/2021
MÉXICO;Nayarit;5;Secretariado Ejecutivo del Sistema Nacional de Seguridad Pública;AGENTE ESTATAL;13;10;2021;2019;13/10/2021
MÉXICO;Nuevo León;67;Secretariado Ejecutivo del Sistema Nacional de Seguridad Pública;AGENTE ESTATAL;13;10;2021;2019;13/10/2021
MÉXICO;Oaxaca;28;Secretariado Ejecutivo del Sistema Nacional de Seguridad Pública;AGENTE ESTATAL;13;10;2021;2019;13/10/2021
MÉXICO;Puebla;58;Secretariado Ejecutivo del Sistema Nacional de Seguridad Pública;AGENTE ESTATAL;13;10;2021;2019;13/10/2021
MÉXICO;Querétaro;9;Secretariado Ejecutivo del Sistema Nacional de Seguridad Pública;AGENTE ESTATAL;13;10;2021;2019;13/10/2021
MÉXICO;Quintana Roo;16;Secretariado Ejecutivo del Sistema Nacional de Seguridad Pública;AGENTE ESTATAL;13;10;2021;2019;13/10/2021
MÉXICO;San Luis Potosí;28;Secretariado Ejecutivo del Sistema Nacional de Seguridad Pública;AGENTE ESTATAL;13;10;2021;2019;13/10/2021
MÉXICO;Sinaloa;37;Secretariado Ejecutivo del Sistema Nacional de Seguridad Pública;AGENTE ESTATAL;13;10;2021;2019;13/10/2021
MÉXICO;Sonora;37;Secretariado Ejecutivo del Sistema Nacional de Seguridad Pública;AGENTE ESTATAL;13;10;2021;2019;13/10/2021
MÉXICO;Tabasco;27;Secretariado Ejecutivo del Sistema Nacional de Seguridad Pública;AGENTE ESTATAL;13;10;2021;2019;13/10/2021
MÉXICO;Tamaulipas;11;Secretariado Ejecutivo del Sistema Nacional de Seguridad Pública;AGENTE ESTATAL;13;10;2021;2019;13/10/2021
MÉXICO;Tlaxcala;3;Secretariado Ejecutivo del Sistema Nacional de Seguridad Pública;AGENTE ESTATAL;13;10;2021;2019;13/10/2021
MÉXICO;Veracruz;157;Secretariado Ejecutivo del Sistema Nacional de Seguridad Pública;AGENTE ESTATAL;13;10;2021;2019;13/10/2021
MÉXICO;Yucatan;3;Secretariado Ejecutivo del Sistema Nacional de Seguridad Pública;AGENTE ESTATAL;13;10;2021;2019;13/10/2021
MÉXICO;Zacatecas;11;Secretariado Ejecutivo del Sistema Nacional de Seguridad Pública;AGENTE ESTATAL;13;10;2021;2019;13/10/2021
HONDURAS;Total país;299;Universidad Nacional Autónoma de Honduras (UNAH);AGENTE ESTATAL;31;12;2019;2019;31/12/2019
BRASIL;Acre;15;Conselho Nacional de Justiça;AGENTE ESTATAL;31;12;2020;2020;31/12/2020
BRASIL;Alagoas;1;Conselho Nacional de Justiça;AGENTE ESTATAL;31;12;2020;2020;31/12/2020
BRASIL;Amapá;29;Conselho Nacional de Justiça;AGENTE ESTATAL;31;12;2020;2020;31/12/2020
BRASIL;Amazonas;14;Conselho Nacional de Justiça;AGENTE ESTATAL;31;12;2020;2020;31/12/2020
BRASIL;Bahía;48;Conselho Nacional de Justiça;AGENTE ESTATAL;31;12;2020;2020;31/12/2020
BRASIL;Ceará;69;Conselho Nacional de Justiça;AGENTE ESTATAL;31;12;2020;2020;31/12/2020
BRASIL;Distrito Federal;29;Conselho Nacional de Justiça;AGENTE ESTATAL;31;12;2020;2020;31/12/2020
BRASIL;Espíritu Santo;37;Conselho Nacional de Justiça;AGENTE ESTATAL;31;12;2020;2020;31/12/2020
BRASIL;Goiás;60;Conselho Nacional de Justiça;AGENTE ESTATAL;31;12;2020;2020;31/12/2020
BRASIL;Maranhão;22;Conselho Nacional de Justiça;AGENTE ESTATAL;31;12;2020;2020;31/12/2020
BRASIL;Mato Grosso;42;Conselho Nacional de Justiça;AGENTE ESTATAL;31;12;2020;2020;31/12/2020
BRASIL;Mato Grosso do Sul;67;Conselho Nacional de Justiça;AGENTE ESTATAL;31;12;2020;2020;31/12/2020
BRASIL;Minas Gerais;57;Conselho Nacional de Justiça;AGENTE ESTATAL;31;12;2020;2020;31/12/2020
BRASIL;Pará;19;Conselho Nacional de Justiça;AGENTE ESTATAL;31;12;2020;2020;31/12/2020
BRASIL;Paraíba;21;Conselho Nacional de Justiça;AGENTE ESTATAL;31;12;2020;2020;31/12/2020
BRASIL;Paraná;211;Conselho Nacional de Justiça;AGENTE ESTATAL;31;12;2020;2020;31/12/2020
BRASIL;Pernambuco;60;Conselho Nacional de Justiça;AGENTE ESTATAL;31;12;2020;2020;31/12/2020
BRASIL;Piauí;36;Conselho Nacional de Justiça;AGENTE ESTATAL;31;12;2020;2020;31/12/2020
BRASIL;Rio de Janeiro;95;Conselho Nacional de Justiça;AGENTE ESTATAL;31;12;2020;2020;31/12/2020
BRASIL;Río Grande do Norte;15;Conselho Nacional de Justiça;AGENTE ESTATAL;31;12;2020;2020;31/12/2020
BRASIL;Río Grande do Sul;200;Conselho Nacional de Justiça;AGENTE ESTATAL;31;12;2020;2020;31/12/2020
BRASIL;Rondônia;34;Conselho Nacional de Justiça;AGENTE ESTATAL;31;12;2020;2020;31/12/2020
BRASIL;Roraima;7;Conselho Nacional de Justiça;AGENTE ESTATAL;31;12;2020;2020;31/12/2020
BRASIL;Santa Catarina;16;Conselho Nacional de Justiça;AGENTE ESTATAL;31;12;2020;2020;31/12/2020
BRASIL;São Paulo;328;Conselho Nacional de Justiça;AGENTE ESTATAL;31;12;2020;2020;31/12/2020
BRASIL;Sergipe;24;Conselho Nacional de Justiça;AGENTE ESTATAL;31;12;2020;2020;31/12/2020
BRASIL;Tocantins;40;Conselho Nacional de Justiça;AGENTE ESTATAL;31;12;2020;2020;31/12/2020
ARGENTINA;Ciudad de Buenos Aires;15;Corte Suprema de Justicia de la Nación;AGENTE ESTATAL;31;12;2020;2020;31/12/2020
ARGENTINA;Catamarca;2;Corte Suprema de Justicia de la Nación;AGENTE ESTATAL;31;12;2020;2020;31/12/2020
ARGENTINA;Chaco;12;Corte Suprema de Justicia de la Nación;AGENTE ESTATAL;31;12;2020;2020;31/12/2020
ARGENTINA;Chubut;3;Corte Suprema de Justicia de la Nación;AGENTE ESTATAL;31;12;2020;2020;31/12/2020
ARGENTINA;Córdoba;11;Corte Suprema de Justicia de la Nación;AGENTE ESTATAL;31;12;2020;2020;31/12/2020
ARGENTINA;Corrientes;7;Corte Suprema de Justicia de la Nación;AGENTE ESTATAL;31;12;2020;2020;31/12/2020
ARGENTINA;Entre Ríos;7;Corte Suprema de Justicia de la Nación;AGENTE ESTATAL;31;12;2020;2020;31/12/2020
ARGENTINA;Formosa;2;Corte Suprema de Justicia de la Nación;AGENTE ESTATAL;31;12;2020;2020;31/12/2020
ARGENTINA;Jujuy;11;Corte Suprema de Justicia de la Nación;AGENTE ESTATAL;31;12;2020;2020;31/12/2020
ARGENTINA;La Pampa;1;Corte Suprema de Justicia de la Nación;AGENTE ESTATAL;31;12;2020;2020;31/12/2020
ARGENTINA;La Rioja;1;Corte Suprema de Justicia de la Nación;AGENTE ESTATAL;31;12;2020;2020;31/12/2020
ARGENTINA;Mendoza;5;Corte Suprema de Justicia de la Nación;AGENTE ESTATAL;31;12;2020;2020;31/12/2020
ARGENTINA;Misiones;9;Corte Suprema de Justicia de la Nación;AGENTE ESTATAL;31;12;2020;2020;31/12/2020
ARGENTINA;Neuquén;3;Corte Suprema de Justicia de la Nación;AGENTE ESTATAL;31;12;2020;2020;31/12/2020
ARGENTINA;Provincia de Buenos Aires;94;Corte Suprema de Justicia de la Nación;AGENTE ESTATAL;31;12;2020;2020;31/12/2020
ARGENTINA;Río Negro;4;Corte Suprema de Justicia de la Nación;AGENTE ESTATAL;31;12;2020;2020;31/12/2020
ARGENTINA;Salta;11;Corte Suprema de Justicia de la Nación;AGENTE ESTATAL;31;12;2020;2020;31/12/2020
ARGENTINA;San Juan;2;Corte Suprema de Justicia de la Nación;AGENTE ESTATAL;31;12;2020;2020;31/12/2020
ARGENTINA;San Luis;2;Corte Suprema de Justicia de la Nación;AGENTE ESTATAL;31;12;2020;2020;31/12/2020
ARGENTINA;Santa Cruz;1;Corte Suprema de Justicia de la Nación;AGENTE ESTATAL;31;12;2020;2020;31/12/2020
ARGENTINA;Santa Fe;25;Corte Suprema de Justicia de la Nación;AGENTE ESTATAL;31;12;2020;2020;31/12/2020
ARGENTINA;Santiago del Estero;5;Corte Suprema de Justicia de la Nación;AGENTE ESTATAL;31;12;2020;2020;31/12/2020
ARGENTINA;Tucumán;18;Corte Suprema de Justicia de la Nación;AGENTE ESTATAL;31;12;2020;2020;31/12/2020
COLOMBIA;Total país;660;Fiscalía General de la Nación;AGENTE ESTATAL;31;12;2020;2020;31/12/2020
BOLIVIA;Beni;6;Fiscalía General del Estado;AGENTE ESTATAL;31;12;2020;2020;31/12/2020
BOLIVIA;Chuquisaca;5;Fiscalía General del Estado;AGENTE ESTATAL;31;12;2020;2020;31/12/2020
BOLIVIA;Cochabamba;19;Fiscalía General del Estado;AGENTE ESTATAL;31;12;2020;2020;31/12/2020
BOLIVIA;La Paz;43;Fiscalía General del Estado;AGENTE ESTATAL;31;12;2020;2020;31/12/2020
BOLIVIA;Oruro;13;Fiscalía General del Estado;AGENTE ESTATAL;31;12;2020;2020;31/12/2020
BOLIVIA;Pando;2;Fiscalía General del Estado;AGENTE ESTATAL;31;12;2020;2020;31/12/2020
BOLIVIA;Potosí;5;Fiscalía General del Estado;AGENTE ESTATAL;31;12;2020;2020;31/12/2020
BOLIVIA;Santa Cruz;18;Fiscalía General del Estado;AGENTE ESTATAL;31;12;2020;2020;31/12/2020
BOLIVIA;Tarija;2;Fiscalía General del Estado;AGENTE ESTATAL;31;12;2020;2020;31/12/2020
EL SALVADOR;Total país;73;Ministerio de Justicia y Seguridad Pública;AGENTE ESTATAL;31;12;2020;2020;31/12/2020
CHILE;Antofagasta;1;Ministerio de la Mujer y la Equidad de Género;AGENTE ESTATAL;31;12;2020;2020;31/12/2020
CHILE;Araucanía;2;Ministerio de la Mujer y la Equidad de Género;AGENTE ESTATAL;31;12;2020;2020;31/12/2020
CHILE;Arica y Parinacota;1;Ministerio de la Mujer y la Equidad de Género;AGENTE ESTATAL;13;10;2021;2020;13/10/2021
CHILE;Atacama;2;Ministerio de la Mujer y la Equidad de Género;AGENTE ESTATAL;13;10;2021;2020;13/10/2021
CHILE;Aysén;1;Ministerio de la Mujer y la Equidad de Género;AGENTE ESTATAL;13;10;2021;2020;13/10/2021
CHILE;Bio Bio;3;Ministerio de la Mujer y la Equidad de Género;AGENTE ESTATAL;13;10;2021;2020;13/10/2021
CHILE;Coquimbo;1;Ministerio de la Mujer y la Equidad de Género;AGENTE ESTATAL;13;10;2021;2020;13/10/2021
CHILE;Libertador General Bernardo O'Higgins;6;Ministerio de la Mujer y la Equidad de Género;AGENTE ESTATAL;13;10;2021;2020;13/10/2021
CHILE;Los Lagos;1;Ministerio de la Mujer y la Equidad de Género;AGENTE ESTATAL;13;10;2021;2020;13/10/2021
CHILE;Los Ríos;3;Ministerio de la Mujer y la Equidad de Género;AGENTE ESTATAL;13;10;2021;2020;13/10/2021
CHILE;Maule;4;Ministerio de la Mujer y la Equidad de Género;AGENTE ESTATAL;13;10;2021;2020;13/10/2021
CHILE;Metropolitana de Santiago;9;Ministerio de la Mujer y la Equidad de Género;AGENTE ESTATAL;13;10;2021;2020;13/10/2021
CHILE;Ñuble;1;Ministerio de la Mujer y la Equidad de Género;AGENTE ESTATAL;13;10;2021;2020;13/10/2021
CHILE;Valparaíso;8;Ministerio de la Mujer y la Equidad de Género;AGENTE ESTATAL;13;10;2021;2020;13/10/2021
PANAMÁ;Bocas del Toro;2;Ministerio Público (Procuraduría General de la Nación);AGENTE ESTATAL;13;10;2021;2020;13/10/2021
PANAMÁ;Chiriquí;1;Ministerio Público (Procuraduría General de la Nación);AGENTE ESTATAL;13;10;2021;2020;13/10/2021
PANAMÁ;Coclé;1;Ministerio Público (Procuraduría General de la Nación);AGENTE ESTATAL;13;10;2021;2020;13/10/2021
PANAMÁ;Colón;6;Ministerio Público (Procuraduría General de la Nación);AGENTE ESTATAL;13;10;2021;2020;13/10/2021
PANAMÁ;Comarca autónoma Ngäbe-Buglé;6;Ministerio Público (Procuraduría General de la Nación);AGENTE ESTATAL;13;10;2021;2020;13/10/2021
PANAMÁ;Herrera;1;Ministerio Público (Procuraduría General de la Nación);AGENTE ESTATAL;13;10;2021;2020;13/10/2021
PANAMÁ;Panamá;6;Ministerio Público (Procuraduría General de la Nación);AGENTE ESTATAL;13;10;2021;2020;13/10/2021
PANAMÁ;Panamá Oeste;7;Ministerio Público (Procuraduría General de la Nación);AGENTE ESTATAL;13;10;2021;2020;13/10/2021
PANAMÁ;San Miguelito;1;Ministerio Público (Procuraduría General de la Nación);AGENTE ESTATAL;13;10;2021;2020;13/10/2021
PERÚ;Amazonas;3;Ministerio Público del Perú (Registro de Feminicidios);AGENTE ESTATAL;13;10;2021;2020;13/10/2021
PERÚ;Ancash;4;Ministerio Público del Perú (Registro de Feminicidios);AGENTE ESTATAL;13;10;2021;2020;13/10/2021
PERÚ;Apurimac;5;Ministerio Público del Perú (Registro de Feminicidios);AGENTE ESTATAL;13;10;2021;2020;13/10/2021
PERÚ;Arequipa;8;Ministerio Público del Perú (Registro de Feminicidios);AGENTE ESTATAL;13;10;2021;2020;13/10/2021
PERÚ;Ayacucho;8;Ministerio Público del Perú (Registro de Feminicidios);AGENTE ESTATAL;13;10;2021;2020;13/10/2021
PERÚ;Cajamarca;3;Ministerio Público del Perú (Registro de Feminicidios);AGENTE ESTATAL;13;10;2021;2020;13/10/2021
PERÚ;Cusco;6;Ministerio Público del Perú (Registro de Feminicidios);AGENTE ESTATAL;13;10;2021;2020;13/10/2021
PERÚ;El Callao;5;Ministerio Público del Perú (Registro de Feminicidios);AGENTE ESTATAL;13;10;2021;2020;13/10/2021
PERÚ;Huancavelica;1;Ministerio Público del Perú (Registro de Feminicidios);AGENTE ESTATAL;13;10;2021;2020;13/10/2021
PERÚ;Huánuco;11;Ministerio Público del Perú (Registro de Feminicidios);AGENTE ESTATAL;13;10;2021;2020;13/10/2021
PERÚ;Ica;2;Ministerio Público del Perú (Registro de Feminicidios);AGENTE ESTATAL;13;10;2021;2020;13/10/2021
PERÚ;Junín;8;Ministerio Público del Perú (Registro de Feminicidios);AGENTE ESTATAL;13;10;2021;2020;13/10/2021
PERÚ;La Libertad;3;Ministerio Público del Perú (Registro de Feminicidios);AGENTE ESTATAL;13;10;2021;2020;13/10/2021
PERÚ;Lambayeque;5;Ministerio Público del Perú (Registro de Feminicidios);AGENTE ESTATAL;13;10;2021;2020;13/10/2021
PERÚ;Lima;28;Ministerio Público del Perú (Registro de Feminicidios);AGENTE ESTATAL;13;10;2021;2020;13/10/2021
PERÚ;Loreto;3;Ministerio Público del Perú (Registro de Feminicidios);AGENTE ESTATAL;13;10;2021;2020;13/10/2021
PERÚ;Madre de Dios;5;Ministerio Público del Perú (Registro de Feminicidios);AGENTE ESTATAL;13;10;2021;2020;13/10/2021
PERÚ;Moquegua;1;Ministerio Público del Perú (Registro de Feminicidios);AGENTE ESTATAL;13;10;2021;2020;13/10/2021
PERÚ;Pasco;1;Ministerio Público del Perú (Registro de Feminicidios);AGENTE ESTATAL;13;10;2021;2020;13/10/2021
PERÚ;Piura;6;Ministerio Público del Perú (Registro de Feminicidios);AGENTE ESTATAL;13;10;2021;2020;13/10/2021
PERÚ;Puno;8;Ministerio Público del Perú (Registro de Feminicidios);AGENTE ESTATAL;13;10;2021;2020;13/10/2021
PERÚ;San Martin;;Ministerio Público del Perú (Registro de Feminicidios);AGENTE ESTATAL;13;10;2021;2020;13/10/2021
PERÚ;Tacna;2;Ministerio Público del Perú (Registro de Feminicidios);AGENTE ESTATAL;13;10;2021;2020;13/10/2021
PERÚ;Tumbes;2;Ministerio Público del Perú (Registro de Feminicidios);AGENTE ESTATAL;13;10;2021;2020;13/10/2021
PERÚ;Ucayali;3;Ministerio Público del Perú (Registro de Feminicidios);AGENTE ESTATAL;13;10;2021;2020;13/10/2021
COSTA RICA;Alajuela;6;Observatorio de Género (Poder Judicial);AGENTE ESTATAL;31;12;2020;2020;31/12/2020
COSTA RICA;Cartago;2;Observatorio de Género (Poder Judicial);AGENTE ESTATAL;31;12;2020;2020;31/12/2020
COSTA RICA;Guanacaste;2;Observatorio de Género (Poder Judicial);AGENTE ESTATAL;31;12;2020;2020;31/12/2020
COSTA RICA;Heredia;2;Observatorio de Género (Poder Judicial);AGENTE ESTATAL;31;12;2020;2020;31/12/2020
COSTA RICA;Limón;1;Observatorio de Género (Poder Judicial);AGENTE ESTATAL;31;12;2020;2020;31/12/2020
COSTA RICA;Puntarenas;5;Observatorio de Género (Poder Judicial);AGENTE ESTATAL;31;12;2020;2020;31/12/2020
COSTA RICA;San José;7;Observatorio de Género (Poder Judicial);AGENTE ESTATAL;31;12;2020;2020;31/12/2020
GUATEMALA;Nivel nacional;119;Observatorio de Igualdad de Género de la CEPAL;AGENTE ESTATAL;31;12;2020;2020;31/12/2020
URUGUAY;Nivel nacional;19;Observatorio de Igualdad de Género de la CEPAL;AGENTE ESTATAL;31;12;2020;2020;31/12/2020
PARAGUAY;Alto Paraná;4;Observatorio del Ministerio de la Mujer;AGENTE ESTATAL;13;10;2021;2020;13/10/2021
PARAGUAY;Amambay;2;Observatorio del Ministerio de la Mujer;AGENTE ESTATAL;13;10;2021;2020;13/10/2021
PARAGUAY;Asunción;1;Observatorio del Ministerio de la Mujer;AGENTE ESTATAL;13;10;2021;2020;13/10/2021
PARAGUAY;Caaguazú;2;Observatorio del Ministerio de la Mujer;AGENTE ESTATAL;13;10;2021;2020;13/10/2021
PARAGUAY;Caazapá;2;Observatorio del Ministerio de la Mujer;AGENTE ESTATAL;13;10;2021;2020;13/10/2021
PARAGUAY;Canindeyú;1;Observatorio del Ministerio de la Mujer;AGENTE ESTATAL;13;10;2021;2020;13/10/2021
PARAGUAY;Central;15;Observatorio del Ministerio de la Mujer;AGENTE ESTATAL;13;10;2021;2020;13/10/2021
PARAGUAY;Concepción;1;Observatorio del Ministerio de la Mujer;AGENTE ESTATAL;13;10;2021;2020;13/10/2021
PARAGUAY;Cordillera;2;Observatorio del Ministerio de la Mujer;AGENTE ESTATAL;13;10;2021;2020;13/10/2021
PARAGUAY;Guairá;3;Observatorio del Ministerio de la Mujer;AGENTE ESTATAL;13;10;2021;2020;13/10/2021
PARAGUAY;Itapúa;2;Observatorio del Ministerio de la Mujer;AGENTE ESTATAL;13;10;2021;2020;13/10/2021
PARAGUAY;Paraguarí;1;Observatorio del Ministerio de la Mujer;AGENTE ESTATAL;13;10;2021;2020;13/10/2021
REPUBLICA DOMINICANA;Azua;2;Procuraduría General de la República;AGENTE ESTATAL;13;10;2021;2020;13/10/2021
REPUBLICA DOMINICANA;Bahoruco;1;Procuraduría General de la República;AGENTE ESTATAL;13;10;2021;2020;13/10/2021
REPUBLICA DOMINICANA;Barahona;5;Procuraduría General de la República;AGENTE ESTATAL;13;10;2021;2020;13/10/2021
REPUBLICA DOMINICANA;Distrito Nacional;4;Procuraduría General de la República;AGENTE ESTATAL;13;10;2021;2020;13/10/2021
REPUBLICA DOMINICANA;Duarte;1;Procuraduría General de la República;AGENTE ESTATAL;13;10;2021;2020;13/10/2021
REPUBLICA DOMINICANA;El Seibo;4;Procuraduría General de la República;AGENTE ESTATAL;13;10;2021;2020;13/10/2021
REPUBLICA DOMINICANA;Independencia;1;Procuraduría General de la República;AGENTE ESTATAL;13;10;2021;2020;13/10/2021
REPUBLICA DOMINICANA;La Altagracia;2;Procuraduría General de la República;AGENTE ESTATAL;13;10;2021;2020;13/10/2021
REPUBLICA DOMINICANA;La Romana;1;Procuraduría General de la República;AGENTE ESTATAL;13;10;2021;2020;13/10/2021
REPUBLICA DOMINICANA;La Vega;4;Procuraduría General de la República;AGENTE ESTATAL;13;10;2021;2020;13/10/2021
REPUBLICA DOMINICANA;María Trinidad Sánchez;2;Procuraduría General de la República;AGENTE ESTATAL;13;10;2021;2020;13/10/2021
REPUBLICA DOMINICANA;Monseñor Nouel;1;Procuraduría General de la República;AGENTE ESTATAL;13;10;2021;2020;13/10/2021
REPUBLICA DOMINICANA;Monte Cristi;1;Procuraduría General de la República;AGENTE ESTATAL;13;10;2021;2020;13/10/2021
REPUBLICA DOMINICANA;Monte Plata;2;Procuraduría General de la República;AGENTE ESTATAL;13;10;2021;2020;13/10/2021
REPUBLICA DOMINICANA;Puerto Plata;1;Procuraduría General de la República;AGENTE ESTATAL;13;10;2021;2020;13/10/2021
REPUBLICA DOMINICANA;Samaná;1;Procuraduría General de la República;AGENTE ESTATAL;13;10;2021;2020;13/10/2021
REPUBLICA DOMINICANA;San Cristóbal;3;Procuraduría General de la República;AGENTE ESTATAL;13;10;2021;2020;13/10/2021
REPUBLICA DOMINICANA;San Juan;5;Procuraduría General de la República;AGENTE ESTATAL;13;10;2021;2020;13/10/2021
REPUBLICA DOMINICANA;San Pedro de Macorís;1;Procuraduría General de la República;AGENTE ESTATAL;13;10;2021;2020;13/10/2021
REPUBLICA DOMINICANA;Sánchez Ramírez;1;Procuraduría General de la República;AGENTE ESTATAL;13;10;2021;2020;13/10/2021
REPUBLICA DOMINICANA;Santiago;8;Procuraduría General de la República;AGENTE ESTATAL;13;10;2021;2020;13/10/2021
REPUBLICA DOMINICANA;Santo Domingo;13;Procuraduría General de la República;AGENTE ESTATAL;13;10;2021;2020;13/10/2021
REPUBLICA DOMINICANA;Valverde;2;Procuraduría General de la República;AGENTE ESTATAL;13;10;2021;2020;13/10/2021
ECUADOR;Azuay;4;Secretaría de Derechos Humanos;AGENTE ESTATAL;31;12;2020;2020;31/12/2020
ECUADOR;Bolívar;3;Secretaría de Derechos Humanos;AGENTE ESTATAL;31;12;2020;2020;31/12/2020
ECUADOR;Cañar;2;Secretaría de Derechos Humanos;AGENTE ESTATAL;31;12;2020;2020;31/12/2020
ECUADOR;Carchi;1;Secretaría de Derechos Humanos;AGENTE ESTATAL;31;12;2020;2020;31/12/2020
ECUADOR;Chimborazo;1;Secretaría de Derechos Humanos;AGENTE ESTATAL;31;12;2020;2020;31/12/2020
ECUADOR;Cotopaxi;3;Secretaría de Derechos Humanos;AGENTE ESTATAL;31;12;2020;2020;31/12/2020
ECUADOR;El Oro;3;Secretaría de Derechos Humanos;AGENTE ESTATAL;31;12;2020;2020;31/12/2020
ECUADOR;Esmeraldas;1;Secretaría de Derechos Humanos;AGENTE ESTATAL;31;12;2020;2020;31/12/2020
ECUADOR;Galápagos;1;Secretaría de Derechos Humanos;AGENTE ESTATAL;31;12;2020;2020;31/12/2020
ECUADOR;Guayas;14;Secretaría de Derechos Humanos;AGENTE ESTATAL;31;12;2020;2020;31/12/2020
ECUADOR;Imbabura;5;Secretaría de Derechos Humanos;AGENTE ESTATAL;31;12;2020;2020;31/12/2020
ECUADOR;Los Ríos;7;Secretaría de Derechos Humanos;AGENTE ESTATAL;31;12;2020;2020;31/12/2020
ECUADOR;Manabí;8;Secretaría de Derechos Humanos;AGENTE ESTATAL;31;12;2020;2020;31/12/2020
ECUADOR;Morona Santiago;1;Secretaría de Derechos Humanos;AGENTE ESTATAL;31;12;2020;2020;31/12/2020
ECUADOR;Orellana;1;Secretaría de Derechos Humanos;AGENTE ESTATAL;31;12;2020;2020;31/12/2020
ECUADOR;Pichincha;12;Secretaría de Derechos Humanos;AGENTE ESTATAL;31;12;2020;2020;31/12/2020
ECUADOR;Santo Domingo de los Tsáchilas;2;Secretaría de Derechos Humanos;AGENTE ESTATAL;31;12;2020;2020;31/12/2020
ECUADOR;Sucumbios;2;Secretaría de Derechos Humanos;AGENTE ESTATAL;31;12;2020;2020;31/12/2020
ECUADOR;Tungurahua;2;Secretaría de Derechos Humanos;AGENTE ESTATAL;31;12;2020;2020;31/12/2020
MÉXICO;Aguascalientes;2;Secretariado Ejecutivo del Sistema Nacional de Seguridad Pública;AGENTE ESTATAL;13;10;2021;2020;13/10/2021
MÉXICO;Baja California;32;Secretariado Ejecutivo del Sistema Nacional de Seguridad Pública;AGENTE ESTATAL;13;10;2021;2020;13/10/2021
MÉXICO;Baja California Sur;4;Secretariado Ejecutivo del Sistema Nacional de Seguridad Pública;AGENTE ESTATAL;13;10;2021;2020;13/10/2021
MÉXICO;Campeche;3;Secretariado Ejecutivo del Sistema Nacional de Seguridad Pública;AGENTE ESTATAL;13;10;2021;2020;13/10/2021
MÉXICO;Chiapas;29;Secretariado Ejecutivo del Sistema Nacional de Seguridad Pública;AGENTE ESTATAL;13;10;2021;2020;13/10/2021
MÉXICO;Chihuahua;30;Secretariado Ejecutivo del Sistema Nacional de Seguridad Pública;AGENTE ESTATAL;13;10;2021;2020;13/10/2021
MÉXICO;Coahuila de Zaragoza;29;Secretariado Ejecutivo del Sistema Nacional de Seguridad Pública;AGENTE ESTATAL;13;10;2021;2020;13/10/2021
MÉXICO;Colima;14;Secretariado Ejecutivo del Sistema Nacional de Seguridad Pública;AGENTE ESTATAL;13;10;2021;2020;13/10/2021
MÉXICO;Distrito Federal;67;Secretariado Ejecutivo del Sistema Nacional de Seguridad Pública;AGENTE ESTATAL;13;10;2021;2020;13/10/2021
MÉXICO;Durango;13;Secretariado Ejecutivo del Sistema Nacional de Seguridad Pública;AGENTE ESTATAL;13;10;2021;2020;13/10/2021
MÉXICO;Guanajuato;20;Secretariado Ejecutivo del Sistema Nacional de Seguridad Pública;AGENTE ESTATAL;13;10;2021;2020;13/10/2021
MÉXICO;Guerrero;13;Secretariado Ejecutivo del Sistema Nacional de Seguridad Pública;AGENTE ESTATAL;13;10;2021;2020;13/10/2021
MÉXICO;Hidalgo;18;Secretariado Ejecutivo del Sistema Nacional de Seguridad Pública;AGENTE ESTATAL;13;10;2021;2020;13/10/2021
MÉXICO;Jalisco;68;Secretariado Ejecutivo del Sistema Nacional de Seguridad Pública;AGENTE ESTATAL;13;10;2021;2020;13/10/2021
MÉXICO;México;151;Secretariado Ejecutivo del Sistema Nacional de Seguridad Pública;AGENTE ESTATAL;13;10;2021;2020;13/10/2021
MÉXICO;Michoacán de Ocampo;23;Secretariado Ejecutivo del Sistema Nacional de Seguridad Pública;AGENTE ESTATAL;13;10;2021;2020;13/10/2021
MÉXICO;Morelos;33;Secretariado Ejecutivo del Sistema Nacional de Seguridad Pública;AGENTE ESTATAL;13;10;2021;2020;13/10/2021
MÉXICO;Nayarit;12;Secretariado Ejecutivo del Sistema Nacional de Seguridad Pública;AGENTE ESTATAL;13;10;2021;2020;13/10/2021
MÉXICO;Nuevo León;67;Secretariado Ejecutivo del Sistema Nacional de Seguridad Pública;AGENTE ESTATAL;13;10;2021;2020;13/10/2021
MÉXICO;Oaxaca;40;Secretariado Ejecutivo del Sistema Nacional de Seguridad Pública;AGENTE ESTATAL;13;10;2021;2020;13/10/2021
MÉXICO;Puebla;54;Secretariado Ejecutivo del Sistema Nacional de Seguridad Pública;AGENTE ESTATAL;13;10;2021;2020;13/10/2021
MÉXICO;Querétaro;10;Secretariado Ejecutivo del Sistema Nacional de Seguridad Pública;AGENTE ESTATAL;13;10;2021;2020;13/10/2021
MÉXICO;Quintana Roo;15;Secretariado Ejecutivo del Sistema Nacional de Seguridad Pública;AGENTE ESTATAL;13;10;2021;2020;13/10/2021
MÉXICO;San Luis Potosí;27;Secretariado Ejecutivo del Sistema Nacional de Seguridad Pública;AGENTE ESTATAL;13;10;2021;2020;13/10/2021
MÉXICO;Sinaloa;27;Secretariado Ejecutivo del Sistema Nacional de Seguridad Pública;AGENTE ESTATAL;13;10;2021;2020;13/10/2021
MÉXICO;Sonora;32;Secretariado Ejecutivo del Sistema Nacional de Seguridad Pública;AGENTE ESTATAL;13;10;2021;2020;13/10/2021
MÉXICO;Tabasco;15;Secretariado Ejecutivo del Sistema Nacional de Seguridad Pública;AGENTE ESTATAL;13;10;2021;2020;13/10/2021
MÉXICO;Tamaulipas;12;Secretariado Ejecutivo del Sistema Nacional de Seguridad Pública;AGENTE ESTATAL;13;10;2021;2020;13/10/2021
MÉXICO;Tlaxcala;6;Secretariado Ejecutivo del Sistema Nacional de Seguridad Pública;AGENTE ESTATAL;13;10;2021;2020;13/10/2021
MÉXICO;Veracruz;87;Secretariado Ejecutivo del Sistema Nacional de Seguridad Pública;AGENTE ESTATAL;13;10;2021;2020;13/10/2021
MÉXICO;Yucatan;6;Secretariado Ejecutivo del Sistema Nacional de Seguridad Pública;AGENTE ESTATAL;13;10;2021;2020;13/10/2021
MÉXICO;Zacatecas;10;Secretariado Ejecutivo del Sistema Nacional de Seguridad Pública;AGENTE ESTATAL;13;10;2021;2020;13/10/2021
HONDURAS;Total país;227;Universidad Nacional Autónoma de Honduras (UNAH);AGENTE ESTATAL;31;12;2020;2020;31/12/2020
ARGENTINA;Buenos Aires;73;Corte Suprema de Justicia de la Nación;AGENTE ESTATAL;31;12;2021;2021;31/12/2021
ARGENTINA;Catamarca;2;Corte Suprema de Justicia de la Nación;AGENTE ESTATAL;31;12;2021;2021;31/12/2021
ARGENTINA;Ciudad de Buenos Aires;15;Corte Suprema de Justicia de la Nación;AGENTE ESTATAL;31;12;2021;2021;31/12/2021
ARGENTINA;Co´rdoba;17;Corte Suprema de Justicia de la Nación;AGENTE ESTATAL;31;12;2021;2021;31/12/2021
ARGENTINA;Corrientes;7;Corte Suprema de Justicia de la Nación;AGENTE ESTATAL;31;12;2021;2021;31/12/2021
ARGENTINA;Chaco;15;Corte Suprema de Justicia de la Nación;AGENTE ESTATAL;31;12;2021;2021;31/12/2021
ARGENTINA;Chubut;4;Corte Suprema de Justicia de la Nación;AGENTE ESTATAL;31;12;2021;2021;31/12/2021
ARGENTINA;Entre Ri´os;4;Corte Suprema de Justicia de la Nación;AGENTE ESTATAL;31;12;2021;2021;31/12/2021
ARGENTINA;Formosa;6;Corte Suprema de Justicia de la Nación;AGENTE ESTATAL;31;12;2021;2021;31/12/2021
ARGENTINA;Jujuy;5;Corte Suprema de Justicia de la Nación;AGENTE ESTATAL;31;12;2021;2021;31/12/2021
ARGENTINA;La Pampa;0;Corte Suprema de Justicia de la Nación;AGENTE ESTATAL;31;12;2021;2021;31/12/2021
ARGENTINA;La Rioja;4;Corte Suprema de Justicia de la Nación;AGENTE ESTATAL;31;12;2021;2021;31/12/2021
ARGENTINA;Mendoza;9;Corte Suprema de Justicia de la Nación;AGENTE ESTATAL;31;12;2021;2021;31/12/2021
ARGENTINA;Misiones;1;Corte Suprema de Justicia de la Nación;AGENTE ESTATAL;31;12;2021;2021;31/12/2021
ARGENTINA;Neuque´n;4;Corte Suprema de Justicia de la Nación;AGENTE ESTATAL;31;12;2021;2021;31/12/2021
ARGENTINA;Ri´o Negro;1;Corte Suprema de Justicia de la Nación;AGENTE ESTATAL;31;12;2021;2021;31/12/2021
ARGENTINA;Salta;13;Corte Suprema de Justicia de la Nación;AGENTE ESTATAL;31;12;2021;2021;31/12/2021
ARGENTINA;San Juan;1;Corte Suprema de Justicia de la Nación;AGENTE ESTATAL;31;12;2021;2021;31/12/2021
ARGENTINA;San Luis;3;Corte Suprema de Justicia de la Nación;AGENTE ESTATAL;31;12;2021;2021;31/12/2021
ARGENTINA;Santa Cruz;1;Corte Suprema de Justicia de la Nación;AGENTE ESTATAL;31;12;2021;2021;31/12/2021
ARGENTINA;Santa Fe;17;Corte Suprema de Justicia de la Nación;AGENTE ESTATAL;31;12;2021;2021;31/12/2021
ARGENTINA;Santiago del Estero;11;Corte Suprema de Justicia de la Nación;AGENTE ESTATAL;31;12;2021;2021;31/12/2021
ARGENTINA;Tucuma´n;18;Corte Suprema de Justicia de la Nación;AGENTE ESTATAL;31;12;2021;2021;31/12/2021
ARGENTINA;Tierra del Fuego;0;Corte Suprema de Justicia de la Nación;AGENTE ESTATAL;31;12;2021;2021;31/12/2021
COLOMBIA;Total país;818;Fiscalía General de la Nación;AGENTE ESTATAL;30;9;2021;2021;30/9/2021
BOLIVIA;Beni;3;Fiscalía General del Estado;AGENTE ESTATAL;20;12;2021;2021;20/12/2021
BOLIVIA;Chuquisaca;6;Fiscalía General del Estado;AGENTE ESTATAL;20;12;2021;2021;20/12/2021
BOLIVIA;Cochabamba;15;Fiscalía General del Estado;AGENTE ESTATAL;20;12;2021;2021;20/12/2021
BOLIVIA;La Paz;43;Fiscalía General del Estado;AGENTE ESTATAL;20;12;2021;2021;20/12/2021
BOLIVIA;Oruro;10;Fiscalía General del Estado;AGENTE ESTATAL;20;12;2021;2021;20/12/2021
BOLIVIA;Pando;1;Fiscalía General del Estado;AGENTE ESTATAL;20;12;2021;2021;20/12/2021
BOLIVIA;Potosí;10;Fiscalía General del Estado;AGENTE ESTATAL;20;12;2021;2021;20/12/2021
BOLIVIA;Santa Cruz;16;Fiscalía General del Estado;AGENTE ESTATAL;20;12;2021;2021;20/12/2021
BOLIVIA;Tarija;3;Fiscalía General del Estado;AGENTE ESTATAL;20;12;2021;2021;20/12/2021
EL SALVADOR;Ahuachapán;;Ministerio de Justicia y Seguridad Pública;AGENTE ESTATAL;31;10;2021;2021;31/10/2021
EL SALVADOR;Cabañas;1;Ministerio de Justicia y Seguridad Pública;AGENTE ESTATAL;31;10;2021;2021;31/10/2021
EL SALVADOR;Chalatenango;2;Ministerio de Justicia y Seguridad Pública;AGENTE ESTATAL;31;10;2021;2021;31/10/2021
EL SALVADOR;Cuscatlán;8;Ministerio de Justicia y Seguridad Pública;AGENTE ESTATAL;31;10;2021;2021;31/10/2021
EL SALVADOR;La Libertad;8;Ministerio de Justicia y Seguridad Pública;AGENTE ESTATAL;31;10;2021;2021;31/10/2021
EL SALVADOR;La Paz;3;Ministerio de Justicia y Seguridad Pública;AGENTE ESTATAL;31;10;2021;2021;31/10/2021
EL SALVADOR;La Unión;1;Ministerio de Justicia y Seguridad Pública;AGENTE ESTATAL;31;10;2021;2021;31/10/2021
EL SALVADOR;Morazán;3;Ministerio de Justicia y Seguridad Pública;AGENTE ESTATAL;31;10;2021;2021;31/10/2021
EL SALVADOR;San Miguel;6;Ministerio de Justicia y Seguridad Pública;AGENTE ESTATAL;31;10;2021;2021;31/10/2021
EL SALVADOR;San Salvador;28;Ministerio de Justicia y Seguridad Pública;AGENTE ESTATAL;31;10;2021;2021;31/10/2021
EL SALVADOR;San Vicente;1;Ministerio de Justicia y Seguridad Pública;AGENTE ESTATAL;31;10;2021;2021;31/10/2021
EL SALVADOR;Santa Ana;5;Ministerio de Justicia y Seguridad Pública;AGENTE ESTATAL;31;10;2021;2021;31/10/2021
EL SALVADOR;Sonsonate;2;Ministerio de Justicia y Seguridad Pública;AGENTE ESTATAL;31;10;2021;2021;31/10/2021
EL SALVADOR;Usulután;8;Ministerio de Justicia y Seguridad Pública;AGENTE ESTATAL;31;10;2021;2021;31/10/2021
CHILE;Araucanía;1;Ministerio de la Mujer y la Equidad de Género;AGENTE ESTATAL;31;12;2021;2021;31/12/2021
CHILE;Arica y Parinacota;1;Ministerio de la Mujer y la Equidad de Género;AGENTE ESTATAL;31;12;2021;2021;31/12/2021
CHILE;Atacama;1;Ministerio de la Mujer y la Equidad de Género;AGENTE ESTATAL;31;12;2021;2021;31/12/2021
CHILE;Atofagasta;3;Ministerio de la Mujer y la Equidad de Género;AGENTE ESTATAL;31;12;2021;2021;31/12/2021
CHILE;Bio Bio;2;Ministerio de la Mujer y la Equidad de Género;AGENTE ESTATAL;31;12;2021;2021;31/12/2021
CHILE;Coquimbo;2;Ministerio de la Mujer y la Equidad de Género;AGENTE ESTATAL;31;12;2021;2021;31/12/2021
CHILE;Libertador General Bernardo O'Higgins;3;Ministerio de la Mujer y la Equidad de Género;AGENTE ESTATAL;31;12;2021;2021;31/12/2021
CHILE;Los Lagos;1;Ministerio de la Mujer y la Equidad de Género;AGENTE ESTATAL;31;12;2021;2021;31/12/2021
CHILE;Maule;3;Ministerio de la Mujer y la Equidad de Género;AGENTE ESTATAL;31;12;2021;2021;31/12/2021
CHILE;Metropolitana de Santiago;20;Ministerio de la Mujer y la Equidad de Género;AGENTE ESTATAL;31;12;2021;2021;31/12/2021
CHILE;Ñuble;1;Ministerio de la Mujer y la Equidad de Género;AGENTE ESTATAL;31;12;2021;2021;31/12/2021
CHILE;Tarapacá;2;Ministerio de la Mujer y la Equidad de Género;AGENTE ESTATAL;31;12;2021;2021;31/12/2021
CHILE;Valparaíso;4;Ministerio de la Mujer y la Equidad de Género;AGENTE ESTATAL;31;12;2021;2021;31/12/2021
PERÚ;Amazonas;4;Ministerio de las Mujeres y Poblaciones Vulnerables;AGENTE ESTATAL;31;12;2021;2021;31/12/2021
PERÚ;Ancash;1;Ministerio de las Mujeres y Poblaciones Vulnerables;AGENTE ESTATAL;31;12;2021;2021;31/12/2021
PERÚ;Apurimac;5;Ministerio de las Mujeres y Poblaciones Vulnerables;AGENTE ESTATAL;31;12;2021;2021;31/12/2021
PERÚ;Arequipa;8;Ministerio de las Mujeres y Poblaciones Vulnerables;AGENTE ESTATAL;31;12;2021;2021;31/12/2021
PERÚ;Ayacucho;5;Ministerio de las Mujeres y Poblaciones Vulnerables;AGENTE ESTATAL;31;12;2021;2021;31/12/2021
PERÚ;Cajamarca;1;Ministerio de las Mujeres y Poblaciones Vulnerables;AGENTE ESTATAL;31;12;2021;2021;31/12/2021
PERÚ;Cusco;8;Ministerio de las Mujeres y Poblaciones Vulnerables;AGENTE ESTATAL;31;12;2021;2021;31/12/2021
PERÚ;El Callao;8;Ministerio de las Mujeres y Poblaciones Vulnerables;AGENTE ESTATAL;31;12;2021;2021;31/12/2021
PERÚ;Huancavelica;3;Ministerio de las Mujeres y Poblaciones Vulnerables;AGENTE ESTATAL;31;12;2021;2021;31/12/2021
PERÚ;Huánuco;7;Ministerio de las Mujeres y Poblaciones Vulnerables;AGENTE ESTATAL;31;12;2021;2021;31/12/2021
PERÚ;Ica;6;Ministerio de las Mujeres y Poblaciones Vulnerables;AGENTE ESTATAL;31;12;2021;2021;31/12/2021
PERÚ;Junín;6;Ministerio de las Mujeres y Poblaciones Vulnerables;AGENTE ESTATAL;31;12;2021;2021;31/12/2021
PERÚ;La Libertad;7;Ministerio de las Mujeres y Poblaciones Vulnerables;AGENTE ESTATAL;31;12;2021;2021;31/12/2021
PERÚ;Lambayeque;2;Ministerio de las Mujeres y Poblaciones Vulnerables;AGENTE ESTATAL;31;12;2021;2021;31/12/2021
PERÚ;Lima;32;Ministerio de las Mujeres y Poblaciones Vulnerables;AGENTE ESTATAL;31;12;2021;2021;31/12/2021
PERÚ;Loreto;5;Ministerio de las Mujeres y Poblaciones Vulnerables;AGENTE ESTATAL;31;12;2021;2021;31/12/2021
PERÚ;Madre de Dios;6;Ministerio de las Mujeres y Poblaciones Vulnerables;AGENTE ESTATAL;31;12;2021;2021;31/12/2021
PERÚ;Piura;5;Ministerio de las Mujeres y Poblaciones Vulnerables;AGENTE ESTATAL;31;12;2021;2021;31/12/2021
PERÚ;Puno;3;Ministerio de las Mujeres y Poblaciones Vulnerables;AGENTE ESTATAL;31;12;2021;2021;31/12/2021
PERÚ;San Martin;8;Ministerio de las Mujeres y Poblaciones Vulnerables;AGENTE ESTATAL;31;12;2021;2021;31/12/2021
PERÚ;Tacna;1;Ministerio de las Mujeres y Poblaciones Vulnerables;AGENTE ESTATAL;31;12;2021;2021;31/12/2021
PERÚ;Tumbes;;Ministerio de las Mujeres y Poblaciones Vulnerables;AGENTE ESTATAL;31;12;2021;2021;31/12/2021
PERÚ;Ucayali;3;Ministerio de las Mujeres y Poblaciones Vulnerables;AGENTE ESTATAL;31;12;2021;2021;31/12/2021
PANAMÁ;Bocas del Toro;1;Ministerio Público (Procuraduría General de la Nación);AGENTE ESTATAL;31;12;2021;2021;31/12/2021
PANAMÁ;Chiriquí;2;Ministerio Público (Procuraduría General de la Nación);AGENTE ESTATAL;31;12;2021;2021;31/12/2021
PANAMÁ;Coclé;1;Ministerio Público (Procuraduría General de la Nación);AGENTE ESTATAL;31;12;2021;2021;31/12/2021
PANAMÁ;Comarca autónoma Ngäbe-Buglé;4;Ministerio Público (Procuraduría General de la Nación);AGENTE ESTATAL;31;12;2021;2021;31/12/2021
PANAMÁ;Darién;1;Ministerio Público (Procuraduría General de la Nación);AGENTE ESTATAL;31;12;2021;2021;31/12/2021
PANAMÁ;Herrera;1;Ministerio Público (Procuraduría General de la Nación);AGENTE ESTATAL;31;12;2021;2021;31/12/2021
PANAMÁ;Los Santos;1;Ministerio Público (Procuraduría General de la Nación);AGENTE ESTATAL;31;12;2021;2021;31/12/2021
PANAMÁ;Panamá;4;Ministerio Público (Procuraduría General de la Nación);AGENTE ESTATAL;31;12;2021;2021;31/12/2021
PANAMÁ;Panamá Oeste;4;Ministerio Público (Procuraduría General de la Nación);AGENTE ESTATAL;31;12;2021;2021;31/12/2021
PANAMÁ;San Miguelito;3;Ministerio Público (Procuraduría General de la Nación);AGENTE ESTATAL;31;12;2021;2021;31/12/2021
COSTA RICA;Alajuela;2;Observatorio de Género (Poder Judicial);AGENTE ESTATAL;31;12;2021;2021;31/12/2021
COSTA RICA;Cartago;2;Observatorio de Género (Poder Judicial);AGENTE ESTATAL;31;12;2021;2021;31/12/2021
COSTA RICA;Guanacaste;2;Observatorio de Género (Poder Judicial);AGENTE ESTATAL;31;12;2021;2021;31/12/2021
COSTA RICA;Heredia;;Observatorio de Género (Poder Judicial);AGENTE ESTATAL;31;12;2021;2021;31/12/2021
COSTA RICA;Limón;1;Observatorio de Género (Poder Judicial);AGENTE ESTATAL;31;12;2021;2021;31/12/2021
COSTA RICA;Puntarenas;2;Observatorio de Género (Poder Judicial);AGENTE ESTATAL;31;12;2021;2021;31/12/2021
COSTA RICA;San José;4;Observatorio de Género (Poder Judicial);AGENTE ESTATAL;31;12;2021;2021;31/12/2021
PARAGUAY;Alto Paraguay;1;Observatorio del Ministerio de la Mujer;AGENTE ESTATAL;31;12;2021;2021;31/12/2021
PARAGUAY;Alto Paraná;8;Observatorio del Ministerio de la Mujer;AGENTE ESTATAL;31;12;2021;2021;31/12/2021
PARAGUAY;Amambay;5;Observatorio del Ministerio de la Mujer;AGENTE ESTATAL;31;12;2021;2021;31/12/2021
PARAGUAY;Boquerón;1;Observatorio del Ministerio de la Mujer;AGENTE ESTATAL;31;12;2021;2021;31/12/2021
PARAGUAY;Caaguazú;3;Observatorio del Ministerio de la Mujer;AGENTE ESTATAL;31;12;2021;2021;31/12/2021
PARAGUAY;Canindeyú;2;Observatorio del Ministerio de la Mujer;AGENTE ESTATAL;31;12;2021;2021;31/12/2021
PARAGUAY;Central;7;Observatorio del Ministerio de la Mujer;AGENTE ESTATAL;31;12;2021;2021;31/12/2021
PARAGUAY;Cordillera;3;Observatorio del Ministerio de la Mujer;AGENTE ESTATAL;31;12;2021;2021;31/12/2021
PARAGUAY;Itapúa;1;Observatorio del Ministerio de la Mujer;AGENTE ESTATAL;31;12;2021;2021;31/12/2021
PARAGUAY;Ñeembucú;1;Observatorio del Ministerio de la Mujer;AGENTE ESTATAL;31;12;2021;2021;31/12/2021
PARAGUAY;San Pedro;3;Observatorio del Ministerio de la Mujer;AGENTE ESTATAL;31;12;2021;2021;31/12/2021
REPUBLICA DOMINICANA;Azua;2;Procuraduría General de la República;AGENTE ESTATAL;25;7;2022;2021;25/7/2022
REPUBLICA DOMINICANA;Bahoruco;;Procuraduría General de la República;AGENTE ESTATAL;25;7;2022;2021;25/7/2022
REPUBLICA DOMINICANA;Barahona;1;Procuraduría General de la República;AGENTE ESTATAL;25;7;2022;2021;25/7/2022
REPUBLICA DOMINICANA;Dajabón;1;Procuraduría General de la República;AGENTE ESTATAL;25;7;2022;2021;25/7/2022
REPUBLICA DOMINICANA;Distrito Nacional;3;Procuraduría General de la República;AGENTE ESTATAL;25;7;2022;2021;25/7/2022
REPUBLICA DOMINICANA;Duarte;4;Procuraduría General de la República;AGENTE ESTATAL;25;7;2022;2021;25/7/2022
REPUBLICA DOMINICANA;ELÍAS PIÑA;1;Procuraduría General de la República;AGENTE ESTATAL;25;7;2022;2021;25/7/2022
REPUBLICA DOMINICANA;El Seibo;2;Procuraduría General de la República;AGENTE ESTATAL;25;7;2022;2021;25/7/2022
REPUBLICA DOMINICANA;Espaillat;1;Procuraduría General de la República;AGENTE ESTATAL;25;7;2022;2021;25/7/2022
REPUBLICA DOMINICANA;Hato Mayor;2;Procuraduría General de la República;AGENTE ESTATAL;25;7;2022;2021;25/7/2022
REPUBLICA DOMINICANA;Independencia;;Procuraduría General de la República;AGENTE ESTATAL;25;7;2022;2021;25/7/2022
REPUBLICA DOMINICANA;La Altagracia;5;Procuraduría General de la República;AGENTE ESTATAL;25;7;2022;2021;25/7/2022
REPUBLICA DOMINICANA;La Romana;2;Procuraduría General de la República;AGENTE ESTATAL;25;7;2022;2021;25/7/2022
REPUBLICA DOMINICANA;La Vega;3;Procuraduría General de la República;AGENTE ESTATAL;25;7;2022;2021;25/7/2022
REPUBLICA DOMINICANA;María Trinidad Sánchez;1;Procuraduría General de la República;AGENTE ESTATAL;25;7;2022;2021;25/7/2022
REPUBLICA DOMINICANA;Monseñor Nouel;3;Procuraduría General de la República;AGENTE ESTATAL;25;7;2022;2021;25/7/2022
REPUBLICA DOMINICANA;Monte Cristi;;Procuraduría General de la República;AGENTE ESTATAL;25;7;2022;2021;25/7/2022
REPUBLICA DOMINICANA;Monte Plata;5;Procuraduría General de la República;AGENTE ESTATAL;25;7;2022;2021;25/7/2022
REPUBLICA DOMINICANA;Peravia;2;Procuraduría General de la República;AGENTE ESTATAL;25;7;2022;2021;25/7/2022
REPUBLICA DOMINICANA;Puerto Plata;2;Procuraduría General de la República;AGENTE ESTATAL;25;7;2022;2021;25/7/2022
REPUBLICA DOMINICANA;Samaná;1;Procuraduría General de la República;AGENTE ESTATAL;25;7;2022;2021;25/7/2022
REPUBLICA DOMINICANA;San Cristóbal;5;Procuraduría General de la República;AGENTE ESTATAL;25;7;2022;2021;25/7/2022
REPUBLICA DOMINICANA;San Juan;4;Procuraduría General de la República;AGENTE ESTATAL;25;7;2022;2021;25/7/2022
REPUBLICA DOMINICANA;San Pedro de Macorís;3;Procuraduría General de la República;AGENTE ESTATAL;25;7;2022;2021;25/7/2022
REPUBLICA DOMINICANA;Sánchez Ramírez;3;Procuraduría General de la República;AGENTE ESTATAL;25;7;2022;2021;25/7/2022
REPUBLICA DOMINICANA;Santiago;8;Procuraduría General de la República;AGENTE ESTATAL;25;7;2022;2021;25/7/2022
REPUBLICA DOMINICANA;Santiago Rodríguez;2;Procuraduría General de la República;AGENTE ESTATAL;25;7;2022;2021;25/7/2022
REPUBLICA DOMINICANA;Santo Domingo;16;Procuraduría General de la República;AGENTE ESTATAL;25;7;2022;2021;25/7/2022
REPUBLICA DOMINICANA;Valverde;1;Procuraduría General de la República;AGENTE ESTATAL;25;7;2022;2021;25/7/2022
ECUADOR;Azuay;4;Secretaría de Derechos Humanos;AGENTE ESTATAL;31;12;2021;2021;31/12/2021
ECUADOR;Carchi;1;Secretaría de Derechos Humanos;AGENTE ESTATAL;31;12;2021;2021;31/12/2021
ECUADOR;Chimborazo;1;Secretaría de Derechos Humanos;AGENTE ESTATAL;31;12;2021;2021;31/12/2021
ECUADOR;Cotopaxi;5;Secretaría de Derechos Humanos;AGENTE ESTATAL;31;12;2021;2021;31/12/2021
ECUADOR;El Oro;3;Secretaría de Derechos Humanos;AGENTE ESTATAL;31;12;2021;2021;31/12/2021
ECUADOR;Esmeraldas;4;Secretaría de Derechos Humanos;AGENTE ESTATAL;31;12;2021;2021;31/12/2021
ECUADOR;Guayas;15;Secretaría de Derechos Humanos;AGENTE ESTATAL;31;12;2021;2021;31/12/2021
ECUADOR;Imbabura;2;Secretaría de Derechos Humanos;AGENTE ESTATAL;31;12;2021;2021;31/12/2021
ECUADOR;Loja;2;Secretaría de Derechos Humanos;AGENTE ESTATAL;31;12;2021;2021;31/12/2021
ECUADOR;Los Ríos;2;Secretaría de Derechos Humanos;AGENTE ESTATAL;31;12;2021;2021;31/12/2021
ECUADOR;Manabí;5;Secretaría de Derechos Humanos;AGENTE ESTATAL;31;12;2021;2021;31/12/2021
ECUADOR;Orellana;1;Secretaría de Derechos Humanos;AGENTE ESTATAL;31;12;2021;2021;31/12/2021
ECUADOR;Pastaza;1;Secretaría de Derechos Humanos;AGENTE ESTATAL;31;12;2021;2021;31/12/2021
ECUADOR;Pichincha;8;Secretaría de Derechos Humanos;AGENTE ESTATAL;31;12;2021;2021;31/12/2021
ECUADOR;Santa Elena;1;Secretaría de Derechos Humanos;AGENTE ESTATAL;31;12;2021;2021;31/12/2021
ECUADOR;Santo Domingo de los Tsáchilas;3;Secretaría de Derechos Humanos;AGENTE ESTATAL;31;12;2021;2021;31/12/2021
ECUADOR;Sucumbios;6;Secretaría de Derechos Humanos;AGENTE ESTATAL;31;12;2021;2021;31/12/2021
ECUADOR;Tungurahua;3;Secretaría de Derechos Humanos;AGENTE ESTATAL;31;12;2021;2021;31/12/2021
ECUADOR;Zamora Chinchipe;2;Secretaría de Derechos Humanos;AGENTE ESTATAL;31;12;2021;2021;31/12/2021
MÉXICO;Aguascalientes;9;Secretariado Ejecutivo del Sistema Nacional de Seguridad Pública;AGENTE ESTATAL;31;12;2021;2021;31/12/2021
MÉXICO;Baja California;19;Secretariado Ejecutivo del Sistema Nacional de Seguridad Pública;AGENTE ESTATAL;31;12;2021;2021;31/12/2021
MÉXICO;Baja California Sur;7;Secretariado Ejecutivo del Sistema Nacional de Seguridad Pública;AGENTE ESTATAL;31;12;2021;2021;31/12/2021
MÉXICO;Campeche;7;Secretariado Ejecutivo del Sistema Nacional de Seguridad Pública;AGENTE ESTATAL;31;12;2021;2021;31/12/2021
MÉXICO;Chiapas;46;Secretariado Ejecutivo del Sistema Nacional de Seguridad Pública;AGENTE ESTATAL;31;12;2021;2021;31/12/2021
MÉXICO;Chihuahua;44;Secretariado Ejecutivo del Sistema Nacional de Seguridad Pública;AGENTE ESTATAL;31;12;2021;2021;31/12/2021
MÉXICO;Coahuila de Zaragoza;22;Secretariado Ejecutivo del Sistema Nacional de Seguridad Pública;AGENTE ESTATAL;31;12;2021;2021;31/12/2021
MÉXICO;Colima;4;Secretariado Ejecutivo del Sistema Nacional de Seguridad Pública;AGENTE ESTATAL;31;12;2021;2021;31/12/2021
MÉXICO;Distrito Federal;65;Secretariado Ejecutivo del Sistema Nacional de Seguridad Pública;AGENTE ESTATAL;31;12;2021;2021;31/12/2021
MÉXICO;Durango;10;Secretariado Ejecutivo del Sistema Nacional de Seguridad Pública;AGENTE ESTATAL;31;12;2021;2021;31/12/2021
MÉXICO;Guanajuato;30;Secretariado Ejecutivo del Sistema Nacional de Seguridad Pública;AGENTE ESTATAL;31;12;2021;2021;31/12/2021
MÉXICO;Guerrero;17;Secretariado Ejecutivo del Sistema Nacional de Seguridad Pública;AGENTE ESTATAL;31;12;2021;2021;31/12/2021
MÉXICO;Hidalgo;19;Secretariado Ejecutivo del Sistema Nacional de Seguridad Pública;AGENTE ESTATAL;31;12;2021;2021;31/12/2021
MÉXICO;Jalisco;68;Secretariado Ejecutivo del Sistema Nacional de Seguridad Pública;AGENTE ESTATAL;31;12;2021;2021;31/12/2021
MÉXICO;México;143;Secretariado Ejecutivo del Sistema Nacional de Seguridad Pública;AGENTE ESTATAL;31;12;2021;2021;31/12/2021
MÉXICO;Michoacán de Ocampo;27;Secretariado Ejecutivo del Sistema Nacional de Seguridad Pública;AGENTE ESTATAL;31;12;2021;2021;31/12/2021
MÉXICO;Morelos;23;Secretariado Ejecutivo del Sistema Nacional de Seguridad Pública;AGENTE ESTATAL;31;12;2021;2021;31/12/2021
MÉXICO;Nayarit;7;Secretariado Ejecutivo del Sistema Nacional de Seguridad Pública;AGENTE ESTATAL;31;12;2021;2021;31/12/2021
MÉXICO;Nuevo León;66;Secretariado Ejecutivo del Sistema Nacional de Seguridad Pública;AGENTE ESTATAL;31;12;2021;2021;31/12/2021
MÉXICO;Oaxaca;43;Secretariado Ejecutivo del Sistema Nacional de Seguridad Pública;AGENTE ESTATAL;31;12;2021;2021;31/12/2021
MÉXICO;Puebla;37;Secretariado Ejecutivo del Sistema Nacional de Seguridad Pública;AGENTE ESTATAL;31;12;2021;2021;31/12/2021
MÉXICO;Querétaro;9;Secretariado Ejecutivo del Sistema Nacional de Seguridad Pública;AGENTE ESTATAL;31;12;2021;2021;31/12/2021
MÉXICO;Quintana Roo;25;Secretariado Ejecutivo del Sistema Nacional de Seguridad Pública;AGENTE ESTATAL;31;12;2021;2021;31/12/2021
MÉXICO;San Luis Potosí;24;Secretariado Ejecutivo del Sistema Nacional de Seguridad Pública;AGENTE ESTATAL;31;12;2021;2021;31/12/2021
MÉXICO;Sinaloa;40;Secretariado Ejecutivo del Sistema Nacional de Seguridad Pública;AGENTE ESTATAL;31;12;2021;2021;31/12/2021
MÉXICO;Sonora;42;Secretariado Ejecutivo del Sistema Nacional de Seguridad Pública;AGENTE ESTATAL;31;12;2021;2021;31/12/2021
MÉXICO;Tabasco;15;Secretariado Ejecutivo del Sistema Nacional de Seguridad Pública;AGENTE ESTATAL;31;12;2021;2021;31/12/2021
MÉXICO;Tamaulipas;4;Secretariado Ejecutivo del Sistema Nacional de Seguridad Pública;AGENTE ESTATAL;31;12;2021;2021;31/12/2021
MÉXICO;Tlaxcala;10;Secretariado Ejecutivo del Sistema Nacional de Seguridad Pública;AGENTE ESTATAL;31;12;2021;2021;31/12/2021
MÉXICO;Veracruz;69;Secretariado Ejecutivo del Sistema Nacional de Seguridad Pública;AGENTE ESTATAL;31;12;2021;2021;31/12/2021
MÉXICO;Yucatan;5;Secretariado Ejecutivo del Sistema Nacional de Seguridad Pública;AGENTE ESTATAL;31;12;2021;2021;31/12/2021
MÉXICO;Zacatecas;10;Secretariado Ejecutivo del Sistema Nacional de Seguridad Pública;AGENTE ESTATAL;31;12;2021;2021;31/12/2021
ARGENTINA;Buenos Aires;39;Defensoria del Pueblo de la Nación;AGENTE ESTATAL;30;6;2022;2022;30/6/2022
ARGENTINA;Catamarca;2;Defensoria del Pueblo de la Nación;AGENTE ESTATAL;30;6;2022;2022;30/6/2022
ARGENTINA;Chaco;5;Defensoria del Pueblo de la Nación;AGENTE ESTATAL;30;6;2022;2022;30/6/2022
ARGENTINA;Chubut;0;Defensoria del Pueblo de la Nación;AGENTE ESTATAL;30;6;2022;2022;30/6/2022
ARGENTINA;Córdoba;11;Defensoria del Pueblo de la Nación;AGENTE ESTATAL;30;6;2022;2022;30/6/2022
ARGENTINA;Corrientes;1;Defensoria del Pueblo de la Nación;AGENTE ESTATAL;30;6;2022;2022;30/6/2022
ARGENTINA;Entre Ríos;6;Defensoria del Pueblo de la Nación;AGENTE ESTATAL;30;6;2022;2022;30/6/2022
ARGENTINA;Formosa;4;Defensoria del Pueblo de la Nación;AGENTE ESTATAL;30;6;2022;2022;30/6/2022
ARGENTINA;Jujuy;6;Defensoria del Pueblo de la Nación;AGENTE ESTATAL;30;6;2022;2022;30/6/2022
ARGENTINA;La Pampa;3;Defensoria del Pueblo de la Nación;AGENTE ESTATAL;30;6;2022;2022;30/6/2022
ARGENTINA;La Rioja;1;Defensoria del Pueblo de la Nación;AGENTE ESTATAL;30;6;2022;2022;30/6/2022
ARGENTINA;Mendoza;5;Defensoria del Pueblo de la Nación;AGENTE ESTATAL;30;6;2022;2022;30/6/2022
ARGENTINA;Misiones;5;Defensoria del Pueblo de la Nación;AGENTE ESTATAL;30;6;2022;2022;30/6/2022
ARGENTINA;Neuquén;0;Defensoria del Pueblo de la Nación;AGENTE ESTATAL;30;6;2022;2022;30/6/2022
ARGENTINA;Río Negro;2;Defensoria del Pueblo de la Nación;AGENTE ESTATAL;30;6;2022;2022;30/6/2022
ARGENTINA;Salta;5;Defensoria del Pueblo de la Nación;AGENTE ESTATAL;30;6;2022;2022;30/6/2022
ARGENTINA;San Juan;1;Defensoria del Pueblo de la Nación;AGENTE ESTATAL;30;6;2022;2022;30/6/2022
ARGENTINA;San Luis;2;Defensoria del Pueblo de la Nación;AGENTE ESTATAL;30;6;2022;2022;30/6/2022
ARGENTINA;Santa Cruz;0;Defensoria del Pueblo de la Nación;AGENTE ESTATAL;30;6;2022;2022;30/6/2022
ARGENTINA;Santa Fe;22;Defensoria del Pueblo de la Nación;AGENTE ESTATAL;30;6;2022;2022;30/6/2022
ARGENTINA;Santiago del Estero;8;Defensoria del Pueblo de la Nación;AGENTE ESTATAL;30;6;2022;2022;30/6/2022
ARGENTINA;Tucumán;1;Defensoria del Pueblo de la Nación;AGENTE ESTATAL;30;6;2022;2022;30/6/2022
ARGENTINA;Tierra del Fuego;1;Defensoria del Pueblo de la Nación;AGENTE ESTATAL;30;6;2022;2022;30/6/2022
BOLIVIA;Chuquisaca;2;Fiscalía General del Estado;AGENTE ESTATAL;17;10;2022;2022;17/10/22
BOLIVIA;Cochabamba;10;Fiscalía General del Estado;AGENTE ESTATAL;17;10;2022;2022;17/10/22
BOLIVIA;La Paz;28;Fiscalía General del Estado;AGENTE ESTATAL;17;10;2022;2022;17/10/22
BOLIVIA;Oruro;1;Fiscalía General del Estado;AGENTE ESTATAL;17;10;2022;2022;17/10/22
BOLIVIA;Pando;;Fiscalía General del Estado;AGENTE ESTATAL;17;10;2022;2022;17/10/22
BOLIVIA;Potosí;6;Fiscalía General del Estado;AGENTE ESTATAL;17;10;2022;2022;17/10/22
BOLIVIA;Santa Cruz;18;Fiscalía General del Estado;AGENTE ESTATAL;17;10;2022;2022;17/10/22
BOLIVIA;Tarija;6;Fiscalía General del Estado;AGENTE ESTATAL;17;10;2022;2022;17/10/22
BOLIVIA;Beni;3;Fiscalía General del Estado;AGENTE ESTATAL;17;10;2022;2022;17/10/22
CHILE;XV Arica y Parinacota;1;Ministerio de la Mujer y la Equidad de Género;AGENTE ESTATAL;27;10;2022;2022;27/10/2022
CHILE;I Tarapacá;1;Ministerio de la Mujer y la Equidad de Género;AGENTE ESTATAL;27;10;2022;2022;27/10/2022
CHILE;II Antofagasta;1;Ministerio de la Mujer y la Equidad de Género;AGENTE ESTATAL;27;10;2022;2022;27/10/2022
CHILE;III Atacama;0;Ministerio de la Mujer y la Equidad de Género;AGENTE ESTATAL;27;10;2022;2022;27/10/2022
CHILE;IV Coquimbo;1;Ministerio de la Mujer y la Equidad de Género;AGENTE ESTATAL;27;10;2022;2022;27/10/2022
CHILE;V Valparaíso;3;Ministerio de la Mujer y la Equidad de Género;AGENTE ESTATAL;27;10;2022;2022;27/10/2022
CHILE;RM Metropolitana;10;Ministerio de la Mujer y la Equidad de Género;AGENTE ESTATAL;27;10;2022;2022;27/10/2022
CHILE;VI O?Higgins;3;Ministerio de la Mujer y la Equidad de Género;AGENTE ESTATAL;27;10;2022;2022;27/10/2022
CHILE;VII Maule;1;Ministerio de la Mujer y la Equidad de Género;AGENTE ESTATAL;27;10;2022;2022;27/10/2022
CHILE;XVI Ñuble;1;Ministerio de la Mujer y la Equidad de Género;AGENTE ESTATAL;27;10;2022;2022;27/10/2022
CHILE;VIII Bio Bio;2;Ministerio de la Mujer y la Equidad de Género;AGENTE ESTATAL;27;10;2022;2022;27/10/2022
CHILE;IX Araucanía;3;Ministerio de la Mujer y la Equidad de Género;AGENTE ESTATAL;27;10;2022;2022;27/10/2022
CHILE;XIV Los Ríos;1;Ministerio de la Mujer y la Equidad de Género;AGENTE ESTATAL;27;10;2022;2022;27/10/2022
CHILE;X Los Lagos;4;Ministerio de la Mujer y la Equidad de Género;AGENTE ESTATAL;27;10;2022;2022;27/10/2022
CHILE;XI Aysén;0;Ministerio de la Mujer y la Equidad de Género;AGENTE ESTATAL;27;10;2022;2022;27/10/2022
CHILE;XII Magallanes;0;Ministerio de la Mujer y la Equidad de Género;AGENTE ESTATAL;27;10;2022;2022;27/10/2022
COLOMBIA;Total país;492;Fiscalía General de la Nación;AGENTE ESTATAL;30;9;2022;2022;30/09/2022
COSTA RICA;Alajuela;2;Observatorio de Género (Poder Judicial);AGENTE ESTATAL;23;9;2022;2022;23/9/2022
COSTA RICA;Cartago;1;Observatorio de Género (Poder Judicial);AGENTE ESTATAL;23;9;2022;2022;23/9/2022
COSTA RICA;Guanacaste;3;Observatorio de Género (Poder Judicial);AGENTE ESTATAL;23;9;2022;2022;23/9/2022
COSTA RICA;Heredia;3;Observatorio de Género (Poder Judicial);AGENTE ESTATAL;23;9;2022;2022;23/9/2022
COSTA RICA;Limón;0;Observatorio de Género (Poder Judicial);AGENTE ESTATAL;23;9;2022;2022;23/9/2022
COSTA RICA;Puntarenas;2;Observatorio de Género (Poder Judicial);AGENTE ESTATAL;23;9;2022;2022;23/9/2022
COSTA RICA;San José;2;Observatorio de Género (Poder Judicial);AGENTE ESTATAL;23;9;2022;2022;23/9/2022
ECUADOR;Manabí;5;Secretaría de Derechos Humanos;AGENTE ESTATAL;27;3;2022;2022;27/03/2022
ECUADOR;Carchi;3;Secretaría de Derechos Humanos;AGENTE ESTATAL;27;3;2022;2022;27/3/2022
ECUADOR;Guayas;3;Secretaría de Derechos Humanos;AGENTE ESTATAL;27;3;2022;2022;27/3/2022
ECUADOR;Imbabura;2;Secretaría de Derechos Humanos;AGENTE ESTATAL;27;3;2022;2022;27/3/2022
ECUADOR;Los Ríos;2;Secretaría de Derechos Humanos;AGENTE ESTATAL;27;3;2022;2022;27/3/2022
ECUADOR;Pichincha;2;Secretaría de Derechos Humanos;AGENTE ESTATAL;27;3;2022;2022;27/3/2022
ECUADOR;Azuay;0;Secretaría de Derechos Humanos;AGENTE ESTATAL;27;3;2022;2022;27/3/2022
ECUADOR;Chimborazo;0;Secretaría de Derechos Humanos;AGENTE ESTATAL;27;3;2022;2022;27/3/2022
ECUADOR;Cotopaxi;0;Secretaría de Derechos Humanos;AGENTE ESTATAL;27;3;2022;2022;27/3/2022
ECUADOR;El Oro;0;Secretaría de Derechos Humanos;AGENTE ESTATAL;27;3;2022;2022;27/3/2022
ECUADOR;Orellana;0;Secretaría de Derechos Humanos;AGENTE ESTATAL;27;3;2022;2022;27/3/2022
ECUADOR;Pastaza;0;Secretaría de Derechos Humanos;AGENTE ESTATAL;27;3;2022;2022;27/3/2022
ECUADOR;Santa Elena;0;Secretaría de Derechos Humanos;AGENTE ESTATAL;27;3;2022;2022;27/3/2022
ECUADOR;Santo Domingo de los Tsáchilas;0;Secretaría de Derechos Humanos;AGENTE ESTATAL;27;3;2022;2022;27/3/2022
ECUADOR;Sucumbios;0;Secretaría de Derechos Humanos;AGENTE ESTATAL;27;3;2022;2022;27/3/2022
ECUADOR;Tungurahua;1;Secretaría de Derechos Humanos;AGENTE ESTATAL;27;3;2022;2022;27/3/2022
ECUADOR;Zamora Chinchipe;0;Secretaría de Derechos Humanos;AGENTE ESTATAL;27;3;2022;2022;27/3/2022
ECUADOR;Esmeraldas;1;Secretaría de Derechos Humanos;AGENTE ESTATAL;27;3;2022;2022;27/3/2022
ECUADOR;Loja;1;Secretaría de Derechos Humanos;AGENTE ESTATAL;27;3;2022;2022;27/3/2022
ECUADOR;Morona Santiago;1;Secretaría de Derechos Humanos;AGENTE ESTATAL;27;3;2022;2022;27/3/2022
ECUADOR;Napo;1;Secretaría de Derechos Humanos;AGENTE ESTATAL;27;3;2022;2022;27/3/2022
EL SALVADOR;Ahuachapán;0;Ministerio de Justicia y Seguridad Pública;AGENTE ESTATAL;28;2;2022;2022;28/2/2022
EL SALVADOR;Cabañas;1;Ministerio de Justicia y Seguridad Pública;AGENTE ESTATAL;28;2;2022;2022;28/2/2022
EL SALVADOR;Chalatenango;0;Ministerio de Justicia y Seguridad Pública;AGENTE ESTATAL;28;2;2022;2022;28/2/2022
EL SALVADOR;Cuscatlán;1;Ministerio de Justicia y Seguridad Pública;AGENTE ESTATAL;28;2;2022;2022;28/2/2022
EL SALVADOR;La Libertad;4;Ministerio de Justicia y Seguridad Pública;AGENTE ESTATAL;28;2;2022;2022;28/2/2022
EL SALVADOR;La Paz;1;Ministerio de Justicia y Seguridad Pública;AGENTE ESTATAL;28;2;2022;2022;28/2/2022
EL SALVADOR;La Unión;0;Ministerio de Justicia y Seguridad Pública;AGENTE ESTATAL;28;2;2022;2022;28/2/2022
EL SALVADOR;Morazán;1;Ministerio de Justicia y Seguridad Pública;AGENTE ESTATAL;28;2;2022;2022;28/2/2022
EL SALVADOR;San Miguel;1;Ministerio de Justicia y Seguridad Pública;AGENTE ESTATAL;28;2;2022;2022;28/2/2022
EL SALVADOR;San Salvador;6;Ministerio de Justicia y Seguridad Pública;AGENTE ESTATAL;28;2;2022;2022;28/2/2022
EL SALVADOR;San Vicente;0;Ministerio de Justicia y Seguridad Pública;AGENTE ESTATAL;28;2;2022;2022;28/2/2022
EL SALVADOR;Santa Ana;1;Ministerio de Justicia y Seguridad Pública;AGENTE ESTATAL;28;2;2022;2022;28/2/2022
EL SALVADOR;Sonsonate;0;Ministerio de Justicia y Seguridad Pública;AGENTE ESTATAL;28;2;2022;2022;28/2/2022
EL SALVADOR;Usulután;4;Ministerio de Justicia y Seguridad Pública;AGENTE ESTATAL;28;2;2022;2022;28/2/2022
GUATEMALA;ALTA VERAPZA;8;Observatorio de las Mujeres del Ministerio Público;AGENTE ESTATAL;9;10;2022;2022;9/10/2022
GUATEMALA;BAJA VERAPAZ;1;Observatorio de las Mujeres del Ministerio Público;AGENTE ESTATAL;9;10;2022;2022;9/10/2022
GUATEMALA;CHIMALTENANGO;10;Observatorio de las Mujeres del Ministerio Público;AGENTE ESTATAL;9;10;2022;2022;9/10/2022
GUATEMALA;CHIQUIMULA;24;Observatorio de las Mujeres del Ministerio Público;AGENTE ESTATAL;9;10;2022;2022;9/10/2022
GUATEMALA;EL PROGRESO;11;Observatorio de las Mujeres del Ministerio Público;AGENTE ESTATAL;9;10;2022;2022;9/10/2022
GUATEMALA;ESCUINTLA;19;Observatorio de las Mujeres del Ministerio Público;AGENTE ESTATAL;9;10;2022;2022;9/10/2022
GUATEMALA;GUATEMALA;103;Observatorio de las Mujeres del Ministerio Público;AGENTE ESTATAL;9;10;2022;2022;9/10/2022
GUATEMALA;HUEHUETENANDGO;3;Observatorio de las Mujeres del Ministerio Público;AGENTE ESTATAL;9;10;2022;2022;9/10/2022
GUATEMALA;IZABAL;12;Observatorio de las Mujeres del Ministerio Público;AGENTE ESTATAL;9;10;2022;2022;9/10/2022
GUATEMALA;JALAPA;10;Observatorio de las Mujeres del Ministerio Público;AGENTE ESTATAL;9;10;2022;2022;9/10/2022
GUATEMALA;JUTIAPA;9;Observatorio de las Mujeres del Ministerio Público;AGENTE ESTATAL;9;10;2022;2022;9/10/2022
GUATEMALA;PETEN;4;Observatorio de las Mujeres del Ministerio Público;AGENTE ESTATAL;9;10;2022;2022;9/10/2022
GUATEMALA;QUETZALTENANGO;3;Observatorio de las Mujeres del Ministerio Público;AGENTE ESTATAL;9;10;2022;2022;9/10/2022
GUATEMALA;QUICHE;0;Observatorio de las Mujeres del Ministerio Público;AGENTE ESTATAL;9;10;2022;2022;9/10/2022
GUATEMALA;RETALHULEU;0;Observatorio de las Mujeres del Ministerio Público;AGENTE ESTATAL;9;10;2022;2022;9/10/2022
GUATEMALA;SACATEPEQUEZ;7;Observatorio de las Mujeres del Ministerio Público;AGENTE ESTATAL;9;10;2022;2022;9/10/2022
GUATEMALA;SAN MARCOS;3;Observatorio de las Mujeres del Ministerio Público;AGENTE ESTATAL;9;10;2022;2022;9/10/2022
GUATEMALA;SANTA ROSA;14;Observatorio de las Mujeres del Ministerio Público;AGENTE ESTATAL;9;10;2022;2022;9/10/2022
GUATEMALA;SOLOLA;0;Observatorio de las Mujeres del Ministerio Público;AGENTE ESTATAL;9;10;2022;2022;9/10/2022
GUATEMALA;SUCHITEPEQUEZ;1;Observatorio de las Mujeres del Ministerio Público;AGENTE ESTATAL;9;10;2022;2022;9/10/2022
GUATEMALA;TOTONICAPAN;2;Observatorio de las Mujeres del Ministerio Público;AGENTE ESTATAL;9;10;2022;2022;9/10/2022
GUATEMALA;ZACAPA;10;Observatorio de las Mujeres del Ministerio Público;AGENTE ESTATAL;9;10;2022;2022;9/10/2022
GUATEMALA;Sin Datos;2;Observatorio de las Mujeres del Ministerio Público;AGENTE ESTATAL;9;10;2022;2022;9/10/2022
HONDURAS;ATLANTIDA;0;Universidad Nacional Autónoma de Honduras (UNAH);AGENTE ESTATAL;3;3;2022;2022;3/3/2022
HONDURAS;COLON;1;Universidad Nacional Autónoma de Honduras (UNAH);AGENTE ESTATAL;3;3;2022;2022;3/3/2022
HONDURAS;COMAYAGUA;0;Universidad Nacional Autónoma de Honduras (UNAH);AGENTE ESTATAL;3;3;2022;2022;3/3/2022
HONDURAS;COPAN;0;Universidad Nacional Autónoma de Honduras (UNAH);AGENTE ESTATAL;3;3;2022;2022;3/3/2022
HONDURAS;CORTES;8;Universidad Nacional Autónoma de Honduras (UNAH);AGENTE ESTATAL;3;3;2022;2022;3/3/2022
HONDURAS;CHOLUTECA;2;Universidad Nacional Autónoma de Honduras (UNAH);AGENTE ESTATAL;3;3;2022;2022;3/3/2022
HONDURAS;EL PARAISO;2;Universidad Nacional Autónoma de Honduras (UNAH);AGENTE ESTATAL;3;3;2022;2022;3/3/2022
HONDURAS;FRANCISCO MORAZAN;11;Universidad Nacional Autónoma de Honduras (UNAH);AGENTE ESTATAL;3;3;2022;2022;3/3/2022
HONDURAS;GRACIAS A DIOS;0;Universidad Nacional Autónoma de Honduras (UNAH);AGENTE ESTATAL;3;3;2022;2022;3/3/2022
HONDURAS;INTIBUCA;0;Universidad Nacional Autónoma de Honduras (UNAH);AGENTE ESTATAL;3;3;2022;2022;3/3/2022
HONDURAS;ISLAS DE LA BAHIA;0;Universidad Nacional Autónoma de Honduras (UNAH);AGENTE ESTATAL;3;3;2022;2022;3/3/2022
HONDURAS;LA PAZ;4;Universidad Nacional Autónoma de Honduras (UNAH);AGENTE ESTATAL;3;3;2022;2022;3/3/2022
HONDURAS;LEMPIRA;2;Universidad Nacional Autónoma de Honduras (UNAH);AGENTE ESTATAL;3;3;2022;2022;3/3/2022
HONDURAS;OCOTEPEQUE;0;Universidad Nacional Autónoma de Honduras (UNAH);AGENTE ESTATAL;3;3;2022;2022;3/3/2022
HONDURAS;OLANCHO;6;Universidad Nacional Autónoma de Honduras (UNAH);AGENTE ESTATAL;3;3;2022;2022;3/3/2022
HONDURAS;SANTA BARBARA;0;Universidad Nacional Autónoma de Honduras (UNAH);AGENTE ESTATAL;3;3;2022;2022;3/3/2022
HONDURAS;VALLE;1;Universidad Nacional Autónoma de Honduras (UNAH);AGENTE ESTATAL;3;3;2022;2022;3/3/2022
HONDURAS;YORO;0;Universidad Nacional Autónoma de Honduras (UNAH);AGENTE ESTATAL;3;3;2022;2022;3/3/2022
HONDURAS;Sin Datos;13;Universidad Nacional Autónoma de Honduras (UNAH);AGENTE ESTATAL;3;3;2022;2022;3/3/2022
BRASIL;Acre;8;Conselho Nacional de Justiça;AGENTE ESTATAL;31;12;2021;2021;31/12/2021
BRASIL;Alagoas;7;Conselho Nacional de Justiça;AGENTE ESTATAL;31;12;2021;2021;31/12/2021
BRASIL;Amapá;19;Conselho Nacional de Justiça;AGENTE ESTATAL;31;12;2021;2021;31/12/2021
BRASIL;Amazonas;54;Conselho Nacional de Justiça;AGENTE ESTATAL;31;12;2021;2021;31/12/2021
BRASIL;Bahía;101;Conselho Nacional de Justiça;AGENTE ESTATAL;31;12;2021;2021;31/12/2021
BRASIL;Ceará;85;Conselho Nacional de Justiça;AGENTE ESTATAL;31;12;2021;2021;31/12/2021
BRASIL;Distrito Federal;48;Conselho Nacional de Justiça;AGENTE ESTATAL;31;12;2021;2021;31/12/2021
BRASIL;Espíritu Santo;39;Conselho Nacional de Justiça;AGENTE ESTATAL;31;12;2021;2021;31/12/2021
BRASIL;Goiás;20;Conselho Nacional de Justiça;AGENTE ESTATAL;31;12;2021;2021;31/12/2021
BRASIL;Maranhão;31;Conselho Nacional de Justiça;AGENTE ESTATAL;31;12;2021;2021;31/12/2021
BRASIL;Mato Grosso;50;Conselho Nacional de Justiça;AGENTE ESTATAL;31;12;2021;2021;31/12/2021
BRASIL;Mato Grosso do Sul;98;Conselho Nacional de Justiça;AGENTE ESTATAL;31;12;2021;2021;31/12/2021
BRASIL;Minas Gerais;40;Conselho Nacional de Justiça;AGENTE ESTATAL;31;12;2021;2021;31/12/2021
BRASIL;Pará;111;Conselho Nacional de Justiça;AGENTE ESTATAL;31;12;2021;2021;31/12/2021
BRASIL;Paraíba;4;Conselho Nacional de Justiça;AGENTE ESTATAL;31;12;2021;2021;31/12/2021
BRASIL;Paraná;191;Conselho Nacional de Justiça;AGENTE ESTATAL;31;12;2021;2021;31/12/2021
BRASIL;Pernambuco;56;Conselho Nacional de Justiça;AGENTE ESTATAL;31;12;2021;2021;31/12/2021
BRASIL;Piauí;49;Conselho Nacional de Justiça;AGENTE ESTATAL;31;12;2021;2021;31/12/2021
BRASIL;Rio de Janeiro;94;Conselho Nacional de Justiça;AGENTE ESTATAL;31;12;2021;2021;31/12/2021
BRASIL;Río Grande do Norte;29;Conselho Nacional de Justiça;AGENTE ESTATAL;31;12;2021;2021;31/12/2021
BRASIL;Río Grande do Sul;414;Conselho Nacional de Justiça;AGENTE ESTATAL;31;12;2021;2021;31/12/2021
BRASIL;Rondônia;31;Conselho Nacional de Justiça;AGENTE ESTATAL;31;12;2021;2021;31/12/2021
BRASIL;Roraima;4;Conselho Nacional de Justiça;AGENTE ESTATAL;31;12;2021;2021;31/12/2021
BRASIL;Santa Catarina;16;Conselho Nacional de Justiça;AGENTE ESTATAL;31;12;2021;2021;31/12/2021
BRASIL;São Paulo;328;Conselho Nacional de Justiça;AGENTE ESTATAL;31;12;2021;2021;31/12/2021
BRASIL;Sergipe;18;Conselho Nacional de Justiça;AGENTE ESTATAL;31;12;2021;2021;31/12/2021
BRASIL;Tocantins;46;Conselho Nacional de Justiça;AGENTE ESTATAL;31;12;2021;2021;31/12/2021
MÉXICO;Aguascalientes;7;Secretariado Ejecutivo del Sistema Nacional de Seguridad Pública;AGENTE ESTATAL;30;9;2022;2022;30/09/2022
MÉXICO;Baja California;20;Secretariado Ejecutivo del Sistema Nacional de Seguridad Pública;AGENTE ESTATAL;30;9;2022;2022;30/09/2022
MÉXICO;Baja California Sur;5;Secretariado Ejecutivo del Sistema Nacional de Seguridad Pública;AGENTE ESTATAL;30;9;2022;2022;30/09/2022
MÉXICO;Campeche;10;Secretariado Ejecutivo del Sistema Nacional de Seguridad Pública;AGENTE ESTATAL;30;9;2022;2022;30/09/2022
MÉXICO;Chiapas;33;Secretariado Ejecutivo del Sistema Nacional de Seguridad Pública;AGENTE ESTATAL;30;9;2022;2022;30/09/2022
MÉXICO;Chihuahua;31;Secretariado Ejecutivo del Sistema Nacional de Seguridad Pública;AGENTE ESTATAL;30;9;2022;2022;30/09/2022
MÉXICO;Ciudad de México;53;Secretariado Ejecutivo del Sistema Nacional de Seguridad Pública;AGENTE ESTATAL;30;9;2022;2022;30/09/2022
MÉXICO;Coahuila de Zaragoza;18;Secretariado Ejecutivo del Sistema Nacional de Seguridad Pública;AGENTE ESTATAL;28;10;2022;2022;28/10/2022
MÉXICO;Colima;16;Secretariado Ejecutivo del Sistema Nacional de Seguridad Pública;AGENTE ESTATAL;28;10;2022;2022;28/10/2022
MÉXICO;Durango;11;Secretariado Ejecutivo del Sistema Nacional de Seguridad Pública;AGENTE ESTATAL;28;10;2022;2022;28/10/2022
MÉXICO;Guanajuato;15;Secretariado Ejecutivo del Sistema Nacional de Seguridad Pública;AGENTE ESTATAL;28;10;2022;2022;28/10/2022
MÉXICO;Guerrero;9;Secretariado Ejecutivo del Sistema Nacional de Seguridad Pública;AGENTE ESTATAL;28;10;2022;2022;28/10/2022
MÉXICO;Hidalgo;10;Secretariado Ejecutivo del Sistema Nacional de Seguridad Pública;AGENTE ESTATAL;28;10;2022;2022;28/10/2022
MÉXICO;Jalisco;22;Secretariado Ejecutivo del Sistema Nacional de Seguridad Pública;AGENTE ESTATAL;28;10;2022;2022;28/10/2022
MÉXICO;México;103;Secretariado Ejecutivo del Sistema Nacional de Seguridad Pública;AGENTE ESTATAL;28;10;2022;2022;28/10/2022
MÉXICO;Michoacán de Ocampo;24;Secretariado Ejecutivo del Sistema Nacional de Seguridad Pública;AGENTE ESTATAL;28;10;2022;2022;28/10/2022
MÉXICO;Morelos;28;Secretariado Ejecutivo del Sistema Nacional de Seguridad Pública;AGENTE ESTATAL;28;10;2022;2022;28/10/2022
MÉXICO;Nayarit;2;Secretariado Ejecutivo del Sistema Nacional de Seguridad Pública;AGENTE ESTATAL;28;10;2022;2022;28/10/2022
MÉXICO;Nuevo León;79;Secretariado Ejecutivo del Sistema Nacional de Seguridad Pública;AGENTE ESTATAL;28;10;2022;2022;28/10/2022
MÉXICO;Oaxaca;35;Secretariado Ejecutivo del Sistema Nacional de Seguridad Pública;AGENTE ESTATAL;28;10;2022;2022;28/10/2022
MÉXICO;Puebla;17;Secretariado Ejecutivo del Sistema Nacional de Seguridad Pública;AGENTE ESTATAL;28;10;2022;2022;28/10/2022
MÉXICO;Querétaro;9;Secretariado Ejecutivo del Sistema Nacional de Seguridad Pública;AGENTE ESTATAL;28;10;2022;2022;28/10/2022
MÉXICO;Quintana Roo;10;Secretariado Ejecutivo del Sistema Nacional de Seguridad Pública;AGENTE ESTATAL;28;10;2022;2022;28/10/2022
MÉXICO;San Luis Potosí;10;Secretariado Ejecutivo del Sistema Nacional de Seguridad Pública;AGENTE ESTATAL;28;10;2022;2022;28/10/2022
MÉXICO;Sinaloa;15;Secretariado Ejecutivo del Sistema Nacional de Seguridad Pública;AGENTE ESTATAL;28;10;2022;2022;28/10/2022
MÉXICO;Sonora;18;Secretariado Ejecutivo del Sistema Nacional de Seguridad Pública;AGENTE ESTATAL;28;10;2022;2022;28/10/2022
MÉXICO;Tabasco;13;Secretariado Ejecutivo del Sistema Nacional de Seguridad Pública;AGENTE ESTATAL;28;10;2022;2022;28/10/2022
MÉXICO;Tamaulipas;15;Secretariado Ejecutivo del Sistema Nacional de Seguridad Pública;AGENTE ESTATAL;28;10;2022;2022;28/10/2022
MÉXICO;Tlaxcala;2;Secretariado Ejecutivo del Sistema Nacional de Seguridad Pública;AGENTE ESTATAL;28;10;2022;2022;28/10/2022
MÉXICO;Veracruz de Ignacio de la Llave;57;Secretariado Ejecutivo del Sistema Nacional de Seguridad Pública;AGENTE ESTATAL;28;10;2022;2022;28/10/2022
MÉXICO;Yucatán;3;Secretariado Ejecutivo del Sistema Nacional de Seguridad Pública;AGENTE ESTATAL;28;10;2022;2022;28/10/2022
MÉXICO;Zacatecas;11;Secretariado Ejecutivo del Sistema Nacional de Seguridad Pública;AGENTE ESTATAL;28;10;2022;2022;28/10/2022
PANAMÁ;Colón;4;Ministerio Público (Procuraduría General de la Nación);AGENTE ESTATAL;30;9;2022;2022;30/9/2022
PANAMÁ;Bocas del Toro;0;Ministerio Público (Procuraduría General de la Nación);AGENTE ESTATAL;30;9;2022;2022;30/9/2022
PANAMÁ;Coclé;0;Ministerio Público (Procuraduría General de la Nación);AGENTE ESTATAL;30;9;2022;2022;30/9/2022
PANAMÁ;Comarca autónoma Ngäbe-Buglé;2;Ministerio Público (Procuraduría General de la Nación);AGENTE ESTATAL;30;9;2022;2022;30/9/2022
PANAMÁ;Darién;0;Ministerio Público (Procuraduría General de la Nación);AGENTE ESTATAL;30;9;2022;2022;30/9/2022
PANAMÁ;Herrera;0;Ministerio Público (Procuraduría General de la Nación);AGENTE ESTATAL;30;9;2022;2022;30/9/2022
PANAMÁ;Los Santos;1;Ministerio Público (Procuraduría General de la Nación);AGENTE ESTATAL;30;9;2022;2022;30/9/2022
PANAMÁ;Panamá;4;Ministerio Público (Procuraduría General de la Nación);AGENTE ESTATAL;30;9;2022;2022;30/9/2022
PANAMÁ;San Miguelito;0;Ministerio Público (Procuraduría General de la Nación);AGENTE ESTATAL;30;9;2022;2022;30/9/2022
PANAMÁ;Chiriquí;4;Ministerio Público (Procuraduría General de la Nación);AGENTE ESTATAL;30;9;2022;2022;30/9/2022
PANAMÁ;Panamá Oeste;2;Ministerio Público (Procuraduría General de la Nación);AGENTE ESTATAL;30;9;2022;2022;30/9/2022
PANAMÁ;Veraguas;2;Ministerio Público (Procuraduría General de la Nación);AGENTE ESTATAL;30;9;2022;2022;30/9/2022
PANAMÁ;Comarca Embera;0;Ministerio Público (Procuraduría General de la Nación);AGENTE ESTATAL;30;9;2022;2022;30/9/2022
PANAMÁ;Comarca Kuna Yala;0;Ministerio Público (Procuraduría General de la Nación);AGENTE ESTATAL;30;9;2022;2022;30/9/2022
PARAGUAY;Alto Paraná;1;Observatorio del Ministerio de la Mujer;AGENTE ESTATAL;31;10;2022;2022;31/10/2022
PARAGUAY;Central;11;Observatorio del Ministerio de la Mujer;AGENTE ESTATAL;31;10;2022;2022;31/10/2022
PARAGUAY;Guaira;1;Observatorio del Ministerio de la Mujer;AGENTE ESTATAL;31;10;2022;2022;31/10/2022
PARAGUAY;Amambay;1;Observatorio del Ministerio de la Mujer;AGENTE ESTATAL;31;10;2022;2022;31/10/2022
PARAGUAY;Boquerón;1;Observatorio del Ministerio de la Mujer;AGENTE ESTATAL;31;10;2022;2022;31/10/2022
PARAGUAY;Caazapa;1;Observatorio del Ministerio de la Mujer;AGENTE ESTATAL;31;10;2022;2022;31/10/2022
PARAGUAY;Caaguazú;1;Observatorio del Ministerio de la Mujer;AGENTE ESTATAL;31;10;2022;2022;31/10/2022
PARAGUAY;Canindeyú;2;Observatorio del Ministerio de la Mujer;AGENTE ESTATAL;31;10;2022;2022;31/10/2022
PARAGUAY;Ñeembucú;2;Observatorio del Ministerio de la Mujer;AGENTE ESTATAL;31;10;2022;2022;31/10/2022
PARAGUAY;Concepción;2;Observatorio del Ministerio de la Mujer;AGENTE ESTATAL;31;10;2022;2022;31/10/2022
PARAGUAY;Cordillera;1;Observatorio del Ministerio de la Mujer;AGENTE ESTATAL;31;10;2022;2022;31/10/2022
PARAGUAY;Itapúa;2;Observatorio del Ministerio de la Mujer;AGENTE ESTATAL;31;10;2022;2022;31/10/2022
PARAGUAY;Paraguarí;1;Observatorio del Ministerio de la Mujer;AGENTE ESTATAL;31;10;2022;2022;31/10/2022
PARAGUAY;San Pedro;2;Observatorio del Ministerio de la Mujer;AGENTE ESTATAL;31;10;2022;2022;31/10/2022
PARAGUAY;Sin datos;3;Observatorio del Ministerio de la Mujer;AGENTE ESTATAL;31;10;2022;2022;31/10/2022
PERÚ;Amazonas;0;Ministerio de las Mujeres y Poblaciones Vulnerables;AGENTE ESTATAL;31;5;2022;2022;31/05/2022
PERÚ;Ancash;2;Ministerio de las Mujeres y Poblaciones Vulnerables;AGENTE ESTATAL;31;5;2022;2022;31/05/2022
PERÚ;Apurimac;1;Ministerio de las Mujeres y Poblaciones Vulnerables;AGENTE ESTATAL;31;5;2022;2022;31/05/2022
PERÚ;Arequipa;3;Ministerio de las Mujeres y Poblaciones Vulnerables;AGENTE ESTATAL;31;5;2022;2022;31/05/2022
PERÚ;Ayacucho;0;Ministerio de las Mujeres y Poblaciones Vulnerables;AGENTE ESTATAL;31;5;2022;2022;31/05/2022
PERÚ;Cajamarca;3;Ministerio de las Mujeres y Poblaciones Vulnerables;AGENTE ESTATAL;31;5;2022;2022;31/05/2022
PERÚ;Callao;0;Ministerio de las Mujeres y Poblaciones Vulnerables;AGENTE ESTATAL;31;5;2022;2022;31/05/2022
PERÚ;Cusco;4;Ministerio de las Mujeres y Poblaciones Vulnerables;AGENTE ESTATAL;31;5;2022;2022;31/05/2022
PERÚ;Huancavelica;3;Ministerio de las Mujeres y Poblaciones Vulnerables;AGENTE ESTATAL;31;5;2022;2022;31/05/2022
PERÚ;Huánuco;3;Ministerio de las Mujeres y Poblaciones Vulnerables;AGENTE ESTATAL;31;5;2022;2022;31/05/2022
PERÚ;Ica;2;Ministerio de las Mujeres y Poblaciones Vulnerables;AGENTE ESTATAL;31;5;2022;2022;31/05/2022
PERÚ;Junín;2;Ministerio de las Mujeres y Poblaciones Vulnerables;AGENTE ESTATAL;31;5;2022;2022;31/05/2022
PERÚ;La Libertad;4;Ministerio de las Mujeres y Poblaciones Vulnerables;AGENTE ESTATAL;31;5;2022;2022;31/05/2022
PERÚ;Lambayeque;3;Ministerio de las Mujeres y Poblaciones Vulnerables;AGENTE ESTATAL;31;5;2022;2022;31/05/2022
PERÚ;Lima Metropolitana;15;Ministerio de las Mujeres y Poblaciones Vulnerables;AGENTE ESTATAL;31;5;2022;2022;31/05/2022
PERÚ;Lima Provincia;2;Ministerio de las Mujeres y Poblaciones Vulnerables;AGENTE ESTATAL;31;5;2022;2022;31/05/2022
PERÚ;Loreto;1;Ministerio de las Mujeres y Poblaciones Vulnerables;AGENTE ESTATAL;31;5;2022;2022;31/05/2022
PERÚ;Madre de Dios;0;Ministerio de las Mujeres y Poblaciones Vulnerables;AGENTE ESTATAL;31;5;2022;2022;31/05/2022
PERÚ;Moquegua;0;Ministerio de las Mujeres y Poblaciones Vulnerables;AGENTE ESTATAL;31;5;2022;2022;31/05/2022
PERÚ;Pasco;0;Ministerio de las Mujeres y Poblaciones Vulnerables;AGENTE ESTATAL;31;5;2022;2022;31/05/2022
PERÚ;Piura;0;Ministerio de las Mujeres y Poblaciones Vulnerables;AGENTE ESTATAL;31;5;2022;2022;31/05/2022
PERÚ;Puno;3;Ministerio de las Mujeres y Poblaciones Vulnerables;AGENTE ESTATAL;31;5;2022;2022;31/05/2022
PERÚ;San Martin;1;Ministerio de las Mujeres y Poblaciones Vulnerables;AGENTE ESTATAL;31;5;2022;2022;31/05/2022
PERÚ;Tacna;1;Ministerio de las Mujeres y Poblaciones Vulnerables;AGENTE ESTATAL;31;5;2022;2022;31/05/2022
PERÚ;Tumbes;0;Ministerio de las Mujeres y Poblaciones Vulnerables;AGENTE ESTATAL;31;5;2022;2022;31/05/2022
PERÚ;Ucayali;0;Ministerio de las Mujeres y Poblaciones Vulnerables;AGENTE ESTATAL;31;5;2022;2022;31/05/2022
PERÚ;Sin dato;1;Ministerio de las Mujeres y Poblaciones Vulnerables;AGENTE ESTATAL;31;5;2022;2022;31/05/2022
REPUBLICA DOMINICANA;BARAHONA;2;Procuraduría General de la República;AGENTE ESTATAL;19;10;2022;2022;19/10/2022
REPUBLICA DOMINICANA;SANTO DOMINGO;15;Procuraduría General de la República;AGENTE ESTATAL;19;10;2022;2022;19/10/2022
REPUBLICA DOMINICANA;DISTRITO NACIONAL;3;Procuraduría General de la República;AGENTE ESTATAL;19;10;2022;2022;19/10/2022
REPUBLICA DOMINICANA;DAJABON;1;Procuraduría General de la República;AGENTE ESTATAL;19;10;2022;2022;19/10/2022
REPUBLICA DOMINICANA;SANTIAGO;2;Procuraduría General de la República;AGENTE ESTATAL;19;10;2022;2022;19/10/2022
REPUBLICA DOMINICANA;HERMANAS MIRABAL;1;Procuraduría General de la República;AGENTE ESTATAL;19;10;2022;2022;19/10/2022
REPUBLICA DOMINICANA;SAN PEDRO;1;Procuraduría General de la República;AGENTE ESTATAL;19;10;2022;2022;19/10/2022
REPUBLICA DOMINICANA;SAN JUAN;3;Procuraduría General de la República;AGENTE ESTATAL;19;10;2022;2022;19/10/2022
REPUBLICA DOMINICANA;SAN CRISTOBAL;2;Procuraduría General de la República;AGENTE ESTATAL;19;10;2022;2022;19/10/2022
REPUBLICA DOMINICANA;LA ALTAGRACIA;2;Procuraduría General de la República;AGENTE ESTATAL;19;10;2022;2022;19/10/2022
REPUBLICA DOMINICANA;PUERTO PLATA;5;Procuraduría General de la República;AGENTE ESTATAL;19;10;2022;2022;19/10/2022
REPUBLICA DOMINICANA;MONTE PLATA;1;Procuraduría General de la República;AGENTE ESTATAL;19;10;2022;2022;19/10/2022
REPUBLICA DOMINICANA;LA VEGA;2;Procuraduría General de la República;AGENTE ESTATAL;19;10;2022;2022;19/10/2022
REPUBLICA DOMINICANA;MONTECRISTI;1;Procuraduría General de la República;AGENTE ESTATAL;19;10;2022;2022;19/10/2022
REPUBLICA DOMINICANA;PEDERNALES;1;Procuraduría General de la República;AGENTE ESTATAL;19;10;2022;2022;19/10/2022
;;;;;;;;;
;;;;;;;;;
;;;;;;;;;
;;;;;;;;;
;;;;;;;;;
;;;;;;;;;
;;;;;;;;;
;;;;;;;;;
;;;;;;;;;
;;;;;;;;;
;;;;;;;;;
;;;;;;;;;
;;;;;;;;;
;;;;;;;;;
;;;;;;;;;
